TransactionID,TotalAmount
1,19220200.560000002
2,1115138.1900000002
3,10029443.850000001
4,19798245.270000003
5,11217028.41
6,195306.72000000003
7,14165680.8
8,19626722.520000003
9,14289365.22
10,8716006.38
11,26783953.5
12,5683735.0200000005
13,16194651.0
14,12820969.530000001
15,12842783.250000002
16,11996713.500000002
17,13704541.740000002
18,14899866.330000002
19,18791229.96
20,10938244.14
21,11217270.4
22,24518187.0
23,16158879.39
24,13153821.9
25,24732592.650000002
26,4961118.36
27,3153499.2
28,1845940.8
29,184520.85
30,2648879.58
31,1993244.7600000002
32,9653013.99
33,4845532.95
34,8046504.0
35,11016707.82
36,25510176.0
37,24042970.740000002
38,5892078.69
39,7995573.090000001
40,11028743.55
41,9295149.99
42,11830688.580000002
43,3436910.7600000002
44,1999898.1
45,10071992.370000001
46,5480969.100000001
47,15889142.730000002
48,10337080.0
49,2946250.8000000003
50,14498066.31
51,12341663.760000002
52,9644920.98
53,13591992.180000002
54,20544905.64
55,18590125.5
56,6887417.91
57,2672410.47
58,24452367.6
59,11962571.010000002
60,12931841.88
61,9682372.38
62,17474576.82
63,19870017.87
64,22599898.590000004
65,23758072.590000004
66,2313390.9600000004
67,10804935.0
68,23613067.5
69,19092712.62
70,6920110.74
71,11484310.4
72,10634812.32
73,9971346.450000001
74,26081890.5
75,3807000.3000000003
76,7630823.760000001
77,12342633.9
78,753040.0
79,12988380.840000002
80,5179620.75
81,22308177.270000003
82,18365518.32
83,12096281.600000001
84,23902.74
85,11472178.56
86,10731336.81
87,19695280.560000002
88,8665429.23
89,207372.0
90,9852237.6
91,3787840.5900000003
92,6032967.2
93,4051927.3500000006
94,26777385.0
95,17186963.610000003
96,7232920.95
97,8031651.420000001
98,639946.0800000001
99,6361983.87
100,9345358.620000001
101,1362884.6400000001
102,9160044.0
103,7899844.470000001
104,12910325.600000001
105,14502787.14
106,25668525.78
107,3577272.4800000004
108,11394961.41
109,9806601.360000001
110,20897524.89
111,1083515.4000000001
112,16168498.650000002
113,17625331.470000003
114,8779717.05
115,54880.0
116,6057426.510000001
117,10607168.88
118,9676493.82
119,14205363.750000002
120,7456048.5
121,2367083.8800000004
122,10685186.340000002
123,23034171.660000004
124,23156115.150000002
125,7560781.5
126,6586592.370000001
127,6377247.48
128,4667315.2
129,20622706.5
130,12970572.000000002
131,8233928.94
132,10969220.91
133,9771033.63
134,5092803.210000001
135,3440420.58
136,3878564.0
137,7426927.86
138,17045500.770000003
139,3583895.85
140,9213479.520000001
141,7904740.0
142,5425936.41
143,2981744.16
144,855499.2000000001
145,15334308.120000001
146,6732251.010000001
147,16629668.13
148,128324.88
149,6802198.4
150,4623843.75
151,19906687.830000002
152,10050431.73
153,12076811.100000001
154,908304.1200000001
155,23339477.160000004
156,9060781.260000002
157,16528497.0
158,3868993.8000000003
159,18505670.25
160,15376228.38
161,18617232.0
162,9730721.6
163,9078401.4
164,7861501.740000001
165,2062472.1300000001
166,920108.8
167,8785497.930000002
168,24894871.5
169,5861954.4
170,2494312.08
171,3681341.64
172,9029571.39
173,29071239.660000004
174,9179103.0
175,7542952.830000001
176,2426437.8000000003
177,19807147.470000003
178,6519708.0
179,33127252.92
180,26430867.12
181,18997045.05
182,8581388.91
183,5808237.0600000005
184,15764938.170000002
185,31951234.5
186,106937.40000000001
187,13774007.760000002
188,15696679.5
189,10347147.0
190,23139331.5
191,1237935.27
192,2983125.0000000005
193,11650127.100000001
194,9850507.41
195,8347481.94
196,26951278.410000004
197,19831246.5
198,15145182.990000002
199,14567552.31
200,4159126.7100000004
201,14209381.950000001
202,26146615.5
203,20716024.35
204,1374917.04
205,562476.9600000001
206,1422102.4000000001
207,12731469.0
208,17717584.68
209,27765109.320000004
210,6615504.540000001
211,15583502.010000002
212,5717442.0
213,2354639.6700000004
214,13232490.930000002
215,7159500.000000001
216,8470229.07
217,8595947.67
218,16073986.590000002
219,18954770.700000003
220,15214713.39
221,727056.0
222,11430452.55
223,8031552.0
224,4820991.96
225,30220655.76
226,28956758.700000003
227,13734474.000000002
228,615347.3700000001
229,22962775.35
230,23174055.0
231,14465360.160000002
232,13786713.930000002
233,13176900.8
234,13777702.4
235,11437035.96
236,15715473.0
237,365695.05000000005
238,9408673.020000001
239,25673165.580000002
240,1827504.0000000002
241,10335274.38
242,1533105.36
243,5440022.4
244,1314368.8
245,6218082.36
246,12248445.96
247,15599684.700000001
248,220099.68000000002
249,11404087.83
250,2329792.3200000003
251,8523024.0
252,16943771.490000002
253,6308587.32
254,14714279.88
255,15667570.080000002
256,15371685.600000001
257,14313815.190000001
258,14542734.930000002
259,31599220.26
260,10981184.49
261,916712.8
262,20318160.39
263,1043441.0700000001
264,7202133.99
265,5196973.380000001
266,8430361.200000001
267,10510248.8
268,17700374.130000003
269,4170596.3400000003
270,13667545.440000001
271,223207.68000000002
272,6801492.8100000005
273,13615427.610000001
274,4095877.8000000003
275,800866.1100000001
276,10941714.0
277,3477057.24
278,996622.3800000001
279,14544436.56
280,3611690.2500000005
281,10061643.840000002
282,32004972.0
283,1787201.0100000002
284,14453616.360000001
285,34929256.5
286,8499034.680000002
287,9613307.07
288,6306829.080000001
289,12365509.89
290,7758715.74
291,21915640.200000003
292,16225902.3
293,4029988.2
294,16369901.490000002
295,877153.0800000001
296,1589143.7100000002
297,11740189.170000002
298,30608557.470000003
299,18405809.1
300,3057639.3000000003
301,9155388.780000001
302,22369798.5
303,17655035.07
304,4874892.45
305,18375986.73
306,29852352.21
307,16441417.680000002
308,1328829.84
309,20523848.94
310,12243527.55
311,15628268.31
312,18275177.64
313,10702828.5
314,6151323.630000001
315,4455162.600000001
316,2488979.2
317,11827630.530000001
318,11601420.0
319,171188.64
320,13611427.170000002
321,11202909.21
322,1932438.0
323,7640771.580000001
324,6608050.890000001
325,22678929.0
326,6518466.0
327,7325738.040000001
328,21028825.680000003
329,8080225.0200000005
330,10686704.8
331,20086140.0
332,16810072.5
333,2984290.5
334,20731704.21
335,33770259.0
336,4665344.0
337,26897612.130000003
338,24270108.930000003
339,9041900.16
340,29824492.320000004
341,3709303.5
342,13843147.200000001
343,6759370.53
344,15740581.5
345,12575531.200000001
346,4724041.600000001
347,19302662.46
348,2578938.4800000004
349,15664891.650000002
350,3381565.0500000003
351,4964433.930000001
352,4070693.0100000002
353,6188953.600000001
354,10508838.420000002
355,34375735.5
356,27674830.5
357,26740492.740000002
358,7500324.390000001
359,20562102.87
360,10567578.510000002
361,15498342.81
362,14663152.170000002
363,9183083.280000001
364,1171234.26
365,21516636.270000003
366,10703109.510000002
367,6785891.760000001
368,1815501.57
369,12350123.200000001
370,15572387.580000002
371,15890469.180000002
372,7457545.600000001
373,17674124.85
374,12061842.750000002
375,14285630.070000002
376,11932310.190000001
377,5042189.430000001
378,9940864.0
379,4831107.390000001
380,2751277.08
381,11576500.8
382,16950400.41
383,10113422.4
384,4067430.72
385,11086111.680000002
386,20812329.060000002
387,13252606.350000001
388,11944220.49
389,4845314.28
390,6064092.0600000005
391,8978932.08
392,10831960.530000001
393,4189621.74
394,13260447.39
395,6988073.82
396,19853343.0
397,14480638.5
398,17105415.240000002
399,9418159.08
400,8412179.4
401,9732720.870000001
402,9193485.090000002
403,11261337.600000001
404,10335987.0
405,5977080.0
406,10444719.270000001
407,4428789.0
408,10093364.31
409,27266117.700000003
410,17188570.5
411,10400234.91
412,11346888.420000002
413,10314246.540000001
414,17514628.950000003
415,8477973.540000001
416,16277593.89
417,13064512.410000002
418,5512191.180000001
419,7929724.5600000005
420,1987479.4200000002
421,5788449.090000001
422,14715227.820000002
423,3848177.97
424,18888551.430000003
425,7954564.140000001
426,2693822.37
427,16399252.110000001
428,9315979.5
429,5906784.800000001
430,2037514.8900000001
431,11556852.690000001
432,8736647.940000001
433,12878292.15
434,21595548.39
435,16530684.990000002
436,8391444.600000001
437,135895.08000000002
438,7531530.930000001
439,13455280.14
440,290822.4
441,10284857.07
442,17687651.310000002
443,14167198.620000001
444,9867446.010000002
445,3530029.7700000005
446,10339761.0
447,12646930.410000002
448,1029000.0
449,4091212.47
450,11340585.0
451,29281680.12
452,8493006.270000001
453,9449236.860000001
454,32861863.020000003
455,6341676.420000001
456,16714858.5
457,3351208.7700000005
458,20968292.94
459,3975863.49
460,19181299.5
461,29213414.01
462,13388096.280000001
463,8239777.53
464,7746053.600000001
465,14919639.870000001
466,19737102.03
467,10558607.200000001
468,12003013.860000001
469,1622279.4300000002
470,14318454.990000002
471,8985378.4
472,12563357.600000001
473,15655671.990000002
474,2364896.0
475,5522558.58
476,3084516.8400000003
477,10734942.090000002
478,18590738.430000003
479,11612955.420000002
480,2462619.3600000003
481,13937151.120000001
482,17735863.5
483,645373.9800000001
484,13073363.55
485,10362540.420000002
486,837261.9
487,28064405.28
488,20435349.75
489,5223657.78
490,18313891.110000003
491,15444793.080000002
492,4989509.94
493,28368191.19
494,34612183.5
495,20355346.5
496,21013461.060000002
497,8727996.600000001
498,4985089.920000001
499,3955998.93
500,12643334.010000002
501,5339363.07
502,13769947.38
503,3629308.1700000004
504,14587459.05
505,10427578.5
506,3905773.6500000004
507,9819964.8
508,14417367.090000002
509,5571964.5
510,10471800.0
511,656676.0
512,15560695.950000001
513,4828553.28
514,1054256.0
515,10758250.98
516,11888909.190000001
517,8856625.620000001
518,17427660.450000003
519,18346409.67
520,5518781.250000001
521,4540480.53
522,206011.56000000003
523,10938592.680000002
524,17155152.12
525,15665517.690000001
526,1919973.0
527,4623911.46
528,7999852.140000001
529,5548333.890000001
530,20243581.71
531,14647485.63
532,14718600.000000002
533,7749819.0
534,7477573.830000001
535,10636551.690000001
536,7762972.590000001
537,3900625.47
538,8879655.9
539,8003370.0
540,17904664.080000002
541,17794264.5
542,14788929.600000001
543,3791852.1300000004
544,10667353.08
545,6105431.790000001
546,25836529.830000002
547,20815223.94
548,21481075.5
549,15817695.200000001
550,4228715.94
551,29228110.410000004
552,562697.8500000001
553,16075326.360000001
554,15474640.98
555,14483034.690000001
556,7491049.600000001
557,23447602.5
558,8759584.98
559,10714290.540000001
560,1354720.0
561,17904691.830000002
562,5147047.800000001
563,15067550.700000001
564,23094864.240000002
565,10391337.15
566,15411116.790000001
567,6946694.130000001
568,19834827.540000003
569,5683241.07
570,4808016.0600000005
571,5120173.590000001
572,4371070.11
573,4478209.53
574,2628615.4200000004
575,17135209.860000003
576,2267898.72
577,17123628.12
578,18334010.970000003
579,3280720.4400000004
580,1342576.08
581,18914095.860000003
582,21030084.0
583,8012498.370000001
584,20962512.060000002
585,7406132.010000001
586,5669476.800000001
587,5245383.8100000005
588,3517841.97
589,8877967.5
590,4391496.33
591,17356142.040000003
592,31799803.5
593,2699411.22
594,14016298.56
595,1455467.2000000002
596,149712.36000000002
597,24226028.610000003
598,9602874.180000002
599,7750396.290000001
600,17683096.8
601,2817497.4600000004
602,17050945.6
603,562476.9600000001
604,26909647.5
605,20299196.040000003
606,11445487.500000002
607,5966037.99
608,12124412.340000002
609,6139530.99
610,36154290.0
611,8147879.5200000005
612,9991765.6
613,15753490.740000002
614,11494909.14
615,26073735.720000003
616,21062093.490000002
617,17245745.880000003
618,13966565.010000002
619,11130397.350000001
620,15057975.200000001
621,10052693.91
622,5791480.5
623,8140966.44
624,10820539.74
625,17519690.55
626,12202616.280000001
627,12929126.82
628,4557391.2
629,14562538.440000001
630,15467471.490000002
631,17887267.5
632,7336404.03
633,3021002.64
634,23468873.19
635,1706522.8800000001
636,14555740.8
637,8367144.48
638,26494369.110000003
639,12833571.360000001
640,5600456.16
641,1577184.57
642,10786048.71
643,8842161.21
644,10546746.030000001
645,1602172.8900000001
646,14045215.170000002
647,15572687.280000001
648,6447997.600000001
649,7171808.0
650,21708585.6
651,5734150.11
652,3461868.0000000005
653,32247594.570000004
654,11684725.8
655,24365938.560000002
656,5020409.010000001
657,4686906.180000001
658,6934634.4
659,16771642.680000002
660,8646713.520000001
661,10061680.47
662,10532392.620000001
663,17437627.14
664,18655962.03
665,8226597.390000001
666,1738561.9200000002
667,10217677.65
668,20594149.5
669,25588754.520000003
670,6196914.66
671,22440580.290000003
672,17077657.470000003
673,10246956.120000001
674,18553213.5
675,364030.05000000005
676,30155022.0
677,2264216.8000000003
678,27165445.5
679,3953889.93
680,8737402.74
681,11104384.5
682,5521689.45
683,15544815.180000002
684,6738494.760000001
685,15388401.750000002
686,4585676.4
687,20442460.41
688,27673148.040000003
689,15294700.0
690,3358725.6900000004
691,1570777.6500000001
692,2008928.8
693,3871837.62
694,6609637.600000001
695,812636.55
696,538683.2000000001
697,7292646.4
698,12885940.05
699,9869767.020000001
700,2613406.4000000004
701,16792204.32
702,23198684.76
703,1999898.1
704,12284455.47
705,10948103.16
706,11749759.590000002
707,20128378.5
708,26427719.160000004
709,10093322.4
710,656188.0
711,2287824.33
712,7208799.540000001
713,19808129.82
714,8505222.0
715,10645379.520000001
716,28959124.110000003
717,7830157.5
718,20709535.5
719,14584123.500000002
720,23112087.0
721,5546298.15
722,12091392.06
723,17113429.44
724,11095336.5
725,9458877.21
726,2793887.7600000002
727,6498117.600000001
728,4846615.2
729,15065250.780000001
730,10328028.3
731,4678697.73
732,12502440.600000001
733,3902370.0
734,8243639.220000001
735,22341345.180000003
736,5139712.800000001
737,12468505.680000002
738,20896016.400000002
739,10473653.64
740,16277299.740000002
741,25297486.080000002
742,21533562.66
743,2816592.0
744,4915632.78
745,6383254.800000001
746,3401573.91
747,8581949.46
748,19611200.28
749,24189308.700000003
750,4967654.04
751,21336423.330000002
752,16499652.72
753,27076345.44
754,8450832.0
755,22872001.770000003
756,5872748.040000001
757,8343423.780000001
758,17105845.5
759,5693328.0
760,30008967.0
761,8821744.98
762,5611612.5
763,9302601.42
764,14671425.000000002
765,15481935.900000002
766,10025644.32
767,8946992.940000001
768,15195404.940000001
769,838000.8
770,7974463.11
771,15883841.370000001
772,15968819.64
773,10721242.47
774,7421838.510000001
775,3260385.24
776,11559628.8
777,5346064.0
778,10349577.840000002
779,4225587.0
780,8305515.2
781,25612581.78
782,24059556.360000003
783,3391169.6
784,4017225.4200000004
785,5823113.28
786,3422659.47
787,9921649.530000001
788,908304.1200000001
789,7579596.15
790,8792040.270000001
791,9257808.48
792,8573318.100000001
793,8008886.430000001
794,3529455.9000000004
795,4944277.44
796,12732974.280000001
797,6014803.62
798,13095198.360000001
799,21970781.67
800,10109753.46
801,7372311.420000001
802,10821115.83
803,2682725.7
804,11147430.3
805,3929059.2300000004
806,3810414.66
807,1306894.5
808,13068966.840000002
809,17640195.48
810,16997424.450000003
811,9172798.020000001
812,23534812.740000002
813,3880348.5
814,4832613.66
815,19796616.900000002
816,21391463.790000003
817,7622327.82
818,6014814.720000001
819,5673305.460000001
820,14723225.370000001
821,5711467.260000001
822,6884884.890000001
823,9454937.82
824,6342958.470000001
825,16571202.21
826,17941094.28
827,2752451.4600000004
828,9546102.120000001
829,16625714.310000002
830,7407657.15
831,7144203.090000001
832,15383971.200000001
833,2920296.7800000003
834,1359414.78
835,13036358.370000001
836,1941150.2400000002
837,10388924.010000002
838,26672471.94
839,11618388.0
840,2469969.7800000003
841,6889625.7
842,4730502.54
843,21459267.03
844,22051440.930000003
845,18921801.48
846,17745583.32
847,15949758.72
848,1985554.6800000002
849,17213713.5
850,3230764.89
851,9957156.21
852,8960246.4
853,4443954.930000001
854,16381872.840000002
855,11116305.600000001
856,8555906.64
857,3573017.85
858,11700448.950000001
859,3302071.2900000005
860,17775245.85
861,6281259.2
862,10091969.040000001
863,28716450.360000003
864,1143744.0
865,24042739.5
866,4275720.0
867,14130002.520000001
868,6299349.9
869,11501230.4
870,7327264.290000001
871,8611666.38
872,15690448.0
873,15025281.900000002
874,24376191.630000003
875,7196883.2
876,17662073.580000002
877,12353582.940000001
878,11787095.55
879,12496141.350000001
880,9310075.05
881,5911298.340000001
882,3655000.0
883,7073511.630000001
884,12966635.200000001
885,12842258.22
886,23921141.580000002
887,21657702.0
888,10358076.0
889,9886857.690000001
890,2907316.4400000004
891,17775382.5
892,3641248.4400000004
893,14065413.840000002
894,7076365.44
895,4986953.61
896,18245789.28
897,2417214.81
898,496539.2
899,513694.68000000005
900,13430477.190000001
901,10168228.260000002
902,535470.66
903,3142728.5700000003
904,23335040.490000002
905,9852631.950000001
906,11903956.350000001
907,6156599.460000001
908,6585938.4
909,31203028.5
910,1383911.37
911,10516617.0
912,4595893.95
913,13056505.98
914,693985.3200000001
915,8478752.760000002
916,19855684.44
917,10672722.15
918,18209806.41
919,4656980.58
920,17460506.46
921,20601966.0
922,6540206.580000001
923,1741198.1700000002
924,20733718.860000003
925,14364595.47
926,7736842.080000001
927,9477009.0
928,12862981.920000002
929,5654180.0
930,757845.8400000001
931,19830266.55
932,15488832.0
933,13871024.0
934,7653235.7700000005
935,14126450.520000001
936,11131609.47
937,13951603.32
938,20595583.8
939,9143849.22
940,14940675.48
941,8698239.200000001
942,6785927.28
943,15081145.98
944,13500438.4
945,9412447.020000001
946,21800744.1
947,6889694.5200000005
948,7802874.870000001
949,7835495.550000001
950,7130168.250000001
951,13069016.8
952,5923172.010000001
953,1182016.8
954,418803.00000000006
955,16580793.72
956,3569402.5800000005
957,16408731.510000002
958,9582179.200000001
959,1796459.5200000003
960,6067317.600000001
961,13916835.0
962,2921744.22
963,13005444.870000001
964,1162329.84
965,15945822.660000002
966,2784315.12
967,15555382.38
968,17578098.75
969,28143256.35
970,16009111.530000001
971,11134494.360000001
972,16068396.63
973,18138054.900000002
974,13520959.5
975,23901411.330000002
976,11143803.930000002
977,13624527.39
978,11161373.600000001
979,7995883.5
980,16881104.220000003
981,15364433.520000001
982,17559217.650000002
983,12820221.600000001
984,8709270.9
985,12561685.74
986,8122478.28
987,10319847.600000001
988,35902404.99
989,3792609.1500000004
990,9520205.82
991,4213322.46
992,9485724.780000001
993,13287246.120000001
994,5651136.0
995,5979734.28
996,13229774.760000002
997,12147273.9
998,30826487.1
999,14719166.100000001
1000,1622327.1600000001
1001,4219156.62
1002,17618563.8
1003,27134015.490000002
1004,26494066.080000002
1005,31307509.5
1006,11372157.57
1007,18777370.5
1008,20271448.26
1009,2505778.3800000004
1010,1365454.29
1011,12780284.700000001
1012,15590236.38
1013,26028708.570000004
1014,23973688.98
1015,12430212.9
1016,20852254.650000002
1017,9482613.450000001
1018,4308696.99
1019,8575201.770000001
1020,3566153.6100000003
1021,28907953.5
1022,8273300.800000001
1023,1678220.1
1024,19667277.48
1025,15944833.650000002
1026,18602701.5
1027,2567792.97
1028,714511.4400000001
1029,1004727.6000000001
1030,19186893.900000002
1031,6928091.2
1032,9127558.860000001
1033,95610.96
1034,22811948.55
1035,6079726.41
1036,30775834.470000003
1037,1934203.86
1038,16843639.5
1039,1566338.7600000002
1040,1277512.32
1041,2715426.3000000003
1042,8613950.760000002
1043,5985471.0
1044,12309971.040000001
1045,3760951.95
1046,7128806.28
1047,8934592.8
1048,1999934.4000000001
1049,12149507.22
1050,17695169.34
1051,3272207.85
1052,23534430.900000002
1053,1309444.8
1054,18212069.700000003
1055,9164130.030000001
1056,6977479.98
1057,13145107.200000001
1058,13518184.0
1059,4527173.850000001
1060,7199633.160000001
1061,3537671.2
1062,3888885.0000000005
1063,15533641.920000002
1064,1494845.8800000001
1065,9332167.38
1066,8064635.07
1067,18923551.950000003
1068,11876730.0
1069,28961744.820000004
1070,4479776.8
1071,19607755.950000003
1072,4296199.2
1073,517132.35000000003
1074,13328192.910000002
1075,14592437.4
1076,10715691.360000001
1077,12107974.350000001
1078,5112512.37
1079,3799806.39
1080,5421584.100000001
1081,2766628.3800000004
1082,14121890.4
1083,13879230.4
1084,16056749.400000002
1085,21803879.85
1086,17786273.700000003
1087,6850140.78
1088,11038350.600000001
1089,888116.55
1090,16880268.0
1091,11690133.0
1092,1899088.8
1093,18011847.900000002
1094,32066803.5
1095,10491804.360000001
1096,7648611.510000001
1097,8999181.81
1098,8892857.13
1099,18918964.32
1100,1333221.0000000002
1101,14487080.8
1102,17927524.53
1103,21414688.32
1104,15587200.530000001
1105,1722088.8
1106,11646146.64
1107,20368360.5
1108,10093122.33
1109,10683028.500000002
1110,16258245.480000002
1111,14041422.3
1112,17640545.130000003
1113,19455457.290000003
1114,1558488.84
1115,6083247.33
1116,960388.6500000001
1117,13652219.670000002
1118,11082933.750000002
1119,6371210.19
1120,2293140.12
1121,26424249.3
1122,11079533.82
1123,8087346.0
1124,88740.0
1125,8585481.48
1126,11510110.590000002
1127,27675796.500000004
1128,11992756.350000001
1129,17471942.790000003
1130,17366512.770000003
1131,17196397.5
1132,16389460.0
1133,8464220.64
1134,1626357.6
1135,10964870.82
1136,1541771.1300000001
1137,17287862.610000003
1138,4880855.37
1139,11576636.22
1140,22033676.490000002
1141,35473254.0
1142,23828650.830000002
1143,6438306.36
1144,1895079.0
1145,15755882.790000001
1146,13765410.81
1147,16639563.0
1148,14696845.110000001
1149,3662869.0200000005
1150,9266508.66
1151,2761597.8600000003
1152,19064293.290000003
1153,22827761.610000003
1154,5171937.33
1155,256649.76
1156,28652574.0
1157,13613936.88
1158,17418391.950000003
1159,286832.88
1160,7046137.920000001
1161,8397265.5
1162,22127301.66
1163,17495914.35
1164,6554365.74
1165,10986227.22
1166,8224865.790000001
1167,4614767.28
1168,1305244.56
1169,9288940.65
1170,17031988.740000002
1171,1030057.8
1172,3181176.0
1173,12595914.81
1174,14530984.8
1175,23598354.69
1176,19323735.810000002
1177,3419093.0400000005
1178,12328026.3
1179,20747868.03
1180,23418960.930000003
1181,12359474.82
1182,9172855.74
1183,11783337.090000002
1184,9815983.5
1185,138474.72
1186,14203360.200000001
1187,13728824.100000001
1188,21247464.6
1189,18716787.810000002
1190,685314.0000000001
1191,7576483.710000001
1192,2902430.22
1193,21662298.240000002
1194,2784912.3000000003
1195,9379674.270000001
1196,7487903.49
1197,11182075.620000001
1198,8719232.040000001
1199,20107151.2
1200,30818298.630000003
1201,38073.0
1202,12039991.5
1203,4066692.5700000003
1204,1279057.4400000002
1205,2865548.2500000005
1206,23061908.340000004
1207,11082576.33
1208,21063547.590000004
1209,6578765.760000001
1210,19603032.900000002
1211,11737335.360000001
1212,29624046.3
1213,1545086.7000000002
1214,16456535.88
1215,20197984.020000003
1216,8951703.200000001
1217,3296394.7500000005
1218,11236131.510000002
1219,27011325.0
1220,5387148.0
1221,489110.4
1222,12454758.330000002
1223,3281233.2600000002
1224,21671867.55
1225,9564409.350000001
1226,23242236.720000003
1227,279009.60000000003
1228,16575439.080000002
1229,13379353.920000002
1230,18136429.5
1231,10536958.05
1232,844968.6300000001
1233,1400181.7500000002
1234,18874879.560000002
1235,7334224.5
1236,4025656.9800000004
1237,13127509.350000001
1238,2940799.5
1239,1945193.6
1240,7600263.24
1241,17568205.32
1242,15354060.570000002
1243,15216723.600000001
1244,1505861.52
1245,4484800.71
1246,20004792.96
1247,19369588.8
1248,9000391.71
1249,10702657.74
1250,4095498.18
1251,10861068.0
1252,7310910.660000001
1253,7063912.800000001
1254,14884376.280000001
1255,20466343.17
1256,2906960.1300000004
1257,22797553.5
1258,6028276.800000001
1259,6900753.45
1260,8823347.82
1261,21046492.44
1262,24186114.12
1263,5169805.0200000005
1264,12486696.360000001
1265,3844469.4600000004
1266,12711263.790000001
1267,6323535.69
1268,9373270.680000002
1269,17965048.080000002
1270,2120608.3800000004
1271,7768423.800000001
1272,2816172.12
1273,7303614.0
1274,5227578.0
1275,1789431.0000000002
1276,11299968.72
1277,380730.00000000006
1278,22125840.900000002
1279,999949.05
1280,3064885.3800000004
1281,9119476.950000001
1282,17300113.68
1283,15956385.0
1284,8273301.750000001
1285,12498158.22
1286,30229914.270000003
1287,13348885.530000001
1288,3789433.4400000004
1289,1955748.9600000002
1290,3903438.0
1291,9815610.0
1292,19573812.150000002
1293,14163481.23
1294,5188797.12
1295,406362.12000000005
1296,1611836.55
1297,5403178.08
1298,17205407.37
1299,9378182.4
1300,2176035.0
1301,8243865.660000001
1302,17701062.330000002
1303,19960358.55
1304,8112393.930000001
1305,1828475.2500000002
1306,5487050.79
1307,24403415.490000002
1308,21419153.85
1309,3756157.8600000003
1310,15240874.98
1311,630315.7200000001
1312,4563311.010000001
1313,12064020.0
1314,6962026.5600000005
1315,125554.32
1316,13478697.81
1317,5612814.9
1318,9669959.200000001
1319,1920117.9600000002
1320,11096724.0
1321,230724.0
1322,11501550.270000001
1323,29066679.78
1324,11401648.05
1325,7085709.420000001
1326,2159348.49
1327,5720733.600000001
1328,18626140.770000003
1329,11514022.5
1330,4667833.050000001
1331,7389517.53
1332,18373417.080000002
1333,28052713.5
1334,11057035.23
1335,17026956.0
1336,22661832.150000002
1337,23639925.3
1338,14792170.8
1339,8573157.15
1340,24685573.5
1341,4731553.71
1342,20593134.03
1343,13107577.080000002
1344,2291528.4000000004
1345,11644248.0
1346,3726211.5
1347,7444167.2700000005
1348,12396069.3
1349,3233206.89
1350,12409221.690000001
1351,14604041.340000002
1352,530118.24
1353,2414899.35
1354,21193681.770000003
1355,5444567.760000001
1356,4310114.46
1357,7347936.800000001
1358,4550842.4
1359,19413523.71
1360,13567255.5
1361,1164896.1600000001
1362,12481843.440000001
1363,5157876.960000001
1364,2680679.97
1365,17376795.810000002
1366,11413218.690000001
1367,16660603.830000002
1368,6776329.11
1369,6847151.550000001
1370,12988989.120000001
1371,19880469.630000003
1372,17555222.76
1373,21423508.5
1374,11768013.540000001
1375,3388889.9400000004
1376,17044895.82
1377,18527781.450000003
1378,5340338.760000001
1379,20174080.5
1380,5677463.5200000005
1381,6307476.210000001
1382,12080361.99
1383,251125.29
1384,20317579.860000003
1385,12138152.8
1386,7727937.660000001
1387,25381095.720000003
1388,23076051.96
1389,12039592.8
1390,8179088.28
1391,12036334.950000001
1392,14649809.97
1393,5117808.180000001
1394,18025315.53
1395,13277545.830000002
1396,3961498.9800000004
1397,19263790.26
1398,2462258.6100000003
1399,19782486.6
1400,17468577.270000003
1401,1342406.2500000002
1402,7304653.590000001
1403,22119149.82
1404,4571772.54
1405,10379816.0
1406,1204610.85
1407,3098838.0
1408,36701584.5
1409,4645722.96
1410,24755879.340000004
1411,641624.4
1412,20883677.64
1413,8352158.370000001
1414,5197995.69
1415,18211604.610000003
1416,9515746.950000001
1417,16215577.080000002
1418,19693867.53
1419,6486156.0
1420,1027971.0000000001
1421,17731232.130000003
1422,277884.8
1423,22905744.660000004
1424,2847782.7
1425,11986638.030000001
1426,11726830.32
1427,5902996.65
1428,12525611.850000001
1429,1336583.1900000002
1430,19212277.380000003
1431,7969863.2700000005
1432,3755928.0900000003
1433,9668100.0
1434,6593936.130000001
1435,1965762.2700000003
1436,14164888.71
1437,4028211.2
1438,6834008.040000001
1439,9324397.38
1440,1442080.9200000002
1441,7847493.540000001
1442,19874958.0
1443,28816171.5
1444,9883847.370000001
1445,9077977.38
1446,4676161.380000001
1447,1370628.0000000002
1448,14536736.490000002
1449,10766951.16
1450,616557.6
1451,13161062.430000002
1452,3591029.8200000003
1453,30855619.5
1454,16922023.26
1455,9164292.090000002
1456,16178846.070000002
1457,3263647.5300000003
1458,21899486.37
1459,836942.2200000001
1460,7146712.800000001
1461,6299838.300000001
1462,8800985.760000002
1463,12509459.13
1464,8327692.800000001
1465,5708888.0
1466,4661965.590000001
1467,1408701.0000000002
1468,5640704.760000001
1469,9500877.39
1470,15600624.8
1471,13081205.700000001
1472,21200748.03
1473,7774979.2
1474,18357224.400000002
1475,15984757.020000001
1476,19070988.810000002
1477,9310475.760000002
1478,799533.0000000001
1479,13270761.510000002
1480,10126535.55
1481,15560292.0
1482,8575279.200000001
1483,16853789.34
1484,5220468.75
1485,14197697.600000001
1486,3989534.2500000005
1487,9928814.58
1488,2970279.0
1489,17479944.78
1490,5071312.5
1491,2977892.4600000004
1492,15481469.700000001
1493,6095419.590000001
1494,4199586.4
1495,14914273.020000001
1496,5192634.390000001
1497,4540981.140000001
1498,12493993.500000002
1499,8807237.280000001
1500,11083888.8
1501,16497335.040000001
1502,1339830.4000000001
1503,11910996.0
1504,6601013.49
1505,1624380.6600000001
1506,449927.4
1507,11371287.33
1508,7515915.2
1509,10197382.41
1510,15046622.760000002
1511,2022546.5400000003
1512,10171062.0
1513,25721233.020000003
1514,17395059.0
1515,2137774.5300000003
1516,7393383.660000001
1517,6978936.0
1518,11086798.770000001
1519,4467804.390000001
1520,11904989.760000002
1521,11698010.280000001
1522,13922469.15
1523,12533939.07
1524,415743.84
1525,11535965.82
1526,29885857.560000002
1527,5507161.7700000005
1528,10300066.5
1529,4561020.0
1530,2311481.7600000002
1531,11153087.97
1532,2569927.5
1533,8524712.31
1534,2538760.9200000004
1535,228438.00000000003
1536,13564422.000000002
1537,3433964.8200000003
1538,7999818.840000001
1539,2077732.4100000001
1540,3938884.95
1541,5093576.800000001
1542,10038575.82
1543,12780570.0
1544,12343867.110000001
1545,7724539.950000001
1546,16500103.38
1547,4780928.73
1548,7146528.540000001
1549,8779194.24
1550,12725563.920000002
1551,8803509.9
1552,14708900.820000002
1553,6412398.960000001
1554,5598219.510000001
1555,2124663.2
1556,14483788.38
1557,9806630.22
1558,15829425.840000002
1559,19458248.94
1560,5590146.48
1561,11245546.530000001
1562,3751196.16
1563,15460699.38
1564,2961877.3800000004
1565,17458650.400000002
1566,2359053.0300000003
1567,10957549.5
1568,12547038.180000002
1569,14826971.520000001
1570,10655167.500000002
1571,9524484.870000001
1572,3088745.9400000004
1573,16295247.330000002
1574,19936393.650000002
1575,11790415.56
1576,16136916.930000002
1577,13789567.740000002
1578,5901044.16
1579,4766705.19
1580,19676716.92
1581,7689107.640000001
1582,5978613.180000001
1583,10126315.770000001
1584,14055135.240000002
1585,7476545.600000001
1586,523777.92000000004
1587,7219652.010000001
1588,16474597.8
1589,6618741.300000001
1590,4051225.8300000005
1591,14822335.05
1592,29742635.37
1593,6843303.180000001
1594,3740830.9800000004
1595,5738197.5
1596,4297595.2
1597,13464985.98
1598,5953920.12
1599,2498381.3400000003
1600,10489456.71
1601,20664126.3
1602,4241302.23
1603,19196029.200000003
1604,16733135.670000002
1605,19984172.490000002
1606,1630740.9600000002
1607,5360182.23
1608,1698688.5000000002
1609,27557923.380000003
1610,10252647.090000002
1611,5481239.94
1612,941826.4
1613,6114429.45
1614,107455.77
1615,4389043.23
1616,15949589.600000001
1617,13039423.5
1618,3167520.0
1619,27582635.310000002
1620,3965148.66
1621,432410.4
1622,2482732.56
1623,15833411.850000001
1624,2695233.18
1625,20368935.12
1626,9424516.05
1627,11607866.07
1628,17042352.8
1629,3538533.0
1630,28155807.12
1631,11057151.780000001
1632,3090471.99
1633,18271521.0
1634,13038350.82
1635,7864967.2
1636,21018575.94
1637,3414017.0100000002
1638,12311627.160000002
1639,16237902.510000002
1640,3397012.9200000004
1641,4067397.4200000004
1642,12024584.49
1643,17188616.400000002
1644,1755395.07
1645,5506765.500000001
1646,12358540.200000001
1647,11714468.250000002
1648,19409832.96
1649,13714691.200000001
1650,5597305.98
1651,9232635.9
1652,16198932.63
1653,3878373.0
1654,1436232.33
1655,5888475.630000001
1656,2833968.7500000005
1657,6975406.500000001
1658,12858378.750000002
1659,5425766.58
1660,9043709.46
1661,6737331.48
1662,8503035.120000001
1663,16571266.590000002
1664,10679440.0
1665,16186906.89
1666,13958593.600000001
1667,7805405.670000001
1668,1387296.0
1669,8257120.0
1670,1401446.04
1671,11284724.8
1672,8336544.0
1673,2871847.5000000005
1674,1140507.24
1675,3285399.0900000003
1676,6557128.53
1677,8638741.5
1678,19083453.0
1679,5801256.2700000005
1680,4622646.0600000005
1681,24266094.060000002
1682,1091897.01
1683,16249298.88
1684,6744487.65
1685,2129703.72
1686,6475254.930000001
1687,2231155.5
1688,18673163.700000003
1689,12141436.5
1690,18300077.16
1691,9579133.5
1692,16638672.450000001
1693,10527512.8
1694,2949070.5
1695,7643363.430000001
1696,1845208.5
1697,15488994.4
1698,12530016.0
1699,16972333.6
1700,8486617.110000001
1701,12031280.010000002
1702,3825910.2600000002
1703,2760167.0700000003
1704,17051935.44
1705,10415217.690000001
1706,1815478.2600000002
1707,16420154.520000001
1708,6260906.4
1709,17136744.990000002
1710,14553824.940000001
1711,19411486.860000003
1712,16470839.340000002
1713,13286545.71
1714,9566638.4
1715,553898.88
1716,675237.42
1717,76146.0
1718,2740679.91
1719,4839976.29
1720,21448834.14
1721,12353555.190000001
1722,16265388.330000002
1723,8783959.47
1724,9511683.24
1725,15191715.0
1726,6746635.500000001
1727,10703734.440000001
1728,8752344.450000001
1729,183416.40000000002
1730,18574096.200000003
1731,14690586.930000002
1732,13905644.88
1733,2578938.4800000004
1734,4175910.0
1735,8832919.350000001
1736,9172275.200000001
1737,5973670.350000001
1738,4656316.800000001
1739,6995004.660000001
1740,4501582.800000001
1741,18973205.580000002
1742,7999592.4
1743,10082492.97
1744,1619506.6500000001
1745,6523447.800000001
1746,12314630.82
1747,21470629.5
1748,27512925.090000004
1749,3751790.0100000002
1750,5762281.95
1751,16184397.180000002
1752,18268288.98
1753,3487778.4000000004
1754,574704.7200000001
1755,9218040.8
1756,12481188.540000001
1757,11927860.200000001
1758,16727514.63
1759,6593950.5
1760,21903003.0
1761,22633845.6
1762,17646968.700000003
1763,27080709.96
1764,15233354.73
1765,3999825.0600000005
1766,8096529.8100000005
1767,2791422.45
1768,10693173.9
1769,4542036.8
1770,9438118.4
1771,16313582.31
1772,3193534.3800000004
1773,22874811.180000003
1774,2602298.43
1775,21011107.5
1776,32270151.990000002
1777,23450823.48
1778,17565801.0
1779,12505274.430000002
1780,10458111.420000002
1781,6272610.000000001
1782,9596244.15
1783,9094977.030000001
1784,5544882.0
1785,27061629.060000002
1786,10591739.88
1787,4046990.0700000003
1788,17751778.23
1789,29514018.660000004
1790,11972321.250000002
1791,17852120.01
1792,15841165.200000001
1793,2626146.0
1794,18501495.540000003
1795,12030549.0
1796,4043792.16
1797,12883279.38
1798,17118426.66
1799,9197044.0
1800,11801326.860000001
1801,2074557.8100000003
1802,20389520.07
1803,19554841.14
1804,2814440.52
1805,3263647.5300000003
1806,17788290.57
1807,258329.19000000003
1808,7049991.840000001
1809,19220724.0
1810,7571806.170000001
1811,17414764.470000003
1812,18621400.5
1813,12094318.4
1814,24389248.5
1815,9165385.440000001
1816,10152003.39
1817,8389757.4
1818,2550004.1100000003
1819,7049380.23
1820,21289509.0
1821,4020012.0
1822,8915915.16
1823,5813437.41
1824,8300833.080000001
1825,11425781.600000001
1826,11559829.5
1827,16061525.730000002
1828,19299244.770000003
1829,7977859.710000001
1830,2081153.4300000002
1831,443256.30000000005
1832,8454251.73
1833,20107956.360000003
1834,18780166.5
1835,14590853.600000001
1836,4115422.68
1837,15375943.110000001
1838,18366646.080000002
1839,1871377.86
1840,373629.0
1841,12912033.930000002
1842,16175567.13
1843,18048120.48
1844,9008306.010000002
1845,26966109.12
1846,23399276.19
1847,2715159.9000000004
1848,12507577.680000002
1849,8218019.3100000005
1850,15728097.270000001
1851,7644152.640000001
1852,2198006.46
1853,21778298.790000003
1854,18232211.76
1855,860498.6400000001
1856,17540198.91
1857,13077879.030000001
1858,494949.00000000006
1859,6585023.94
1860,15178882.590000002
1861,16325922.180000002
1862,6889672.32
1863,8494485.6
1864,7192561.350000001
1865,4844101.050000001
1866,8775699.96
1867,6593263.470000001
1868,13060559.700000001
1869,15085365.090000002
1870,274194.42000000004
1871,2754630.0
1872,18451602.0
1873,24947868.270000003
1874,28377803.790000003
1875,22512548.250000004
1876,788011.2000000001
1877,14770594.4
1878,11786191.200000001
1879,1575553.9800000002
1880,16172308.170000002
1881,23770878.660000004
1882,14161187.97
1883,18131692.380000003
1884,9230699.200000001
1885,18740683.89
1886,25882569.3
1887,633257.2200000001
1888,18704167.5
1889,4527749.94
1890,13459482.600000001
1891,2711552.4000000004
1892,15066730.410000002
1893,10923433.5
1894,641624.4
1895,9399521.07
1896,1414219.9200000002
1897,4179967.2
1898,7333615.710000001
1899,13183751.940000001
1900,20968615.5
1901,4124944.2600000002
1902,15209256.63
1903,14117437.600000001
1904,10637453.010000002
1905,6309977.040000001
1906,24194411.37
1907,2781156.06
1908,6745281.300000001
1909,5425766.58
1910,14340494.040000001
1911,16785480.8
1912,18104743.8
1913,1882429.0200000003
1914,19076415.6
1915,1291003.26
1916,11577618.0
1917,24177276.0
1918,4527531.2700000005
1919,2159348.49
1920,5567763.2
1921,17182495.860000003
1922,34022239.260000005
1923,12992678.760000002
1924,16375959.870000001
1925,2495096.85
1926,7192402.620000001
1927,8972919.200000001
1928,8739068.850000001
1929,12075143.88
1930,9285241.020000001
1931,21324747.240000002
1932,9652731.0
1933,13922631.21
1934,18041678.040000003
1935,13263022.590000002
1936,26187132.21
1937,4942965.420000001
1938,7702783.950000001
1939,12356482.260000002
1940,10397996.040000001
1941,13906896.96
1942,13963848.840000002
1943,7067264.550000001
1944,15036091.200000001
1945,23328527.01
1946,12293036.88
1947,7708870.080000001
1948,9826117.38
1949,235262.28000000003
1950,2987167.62
1951,6479879.19
1952,15534310.5
1953,2060115.6
1954,19283923.44
1955,19446558.42
1956,4819919.7
1957,3454752.8000000003
1958,14736652.8
1959,15665035.5
1960,983824.0800000001
1961,19994293.470000003
1962,878080.0
1963,15576843.120000001
1964,15759727.830000002
1965,36654393.0
1966,13966823.64
1967,15230566.410000002
1968,12900132.510000002
1969,10055335.71
1970,4399775.82
1971,28972011.21
1972,18463953.12
1973,9239789.850000001
1974,16404546.81
1975,3547588.8600000003
1976,12821437.950000001
1977,13615478.670000002
1978,20505219.810000002
1979,5429648.250000001
1980,13529258.31
1981,5390901.600000001
1982,17388763.830000002
1983,28366484.01
1984,7998308.130000001
1985,11890252.0
1986,9010649.22
1987,8293662.48
1988,7293413.73
1989,5405820.0
1990,22492496.1
1991,8200228.5
1992,14559564.750000002
1993,12092000.340000002
1994,17428126.650000002
1995,4029393.24
1996,7684197.000000001
1997,21537536.46
1998,586932.4800000001
1999,6383254.800000001
2000,15019086.990000002
2001,6943356.36
2002,12044325.840000002
2003,3890231.2
2004,5412839.5200000005
2005,9698984.64
2006,533288.4
2007,38052690.0
2008,2291528.4000000004
2009,799794.0
2010,25142900.820000004
2011,23842503.0
2012,6476217.300000001
2013,341849.60000000003
2014,14118747.120000001
2015,19962331.020000003
2016,8767408.260000002
2017,6107547.45
2018,9617535.06
2019,1425066.0
2020,21980277.720000003
2021,2541510.0
2022,18410232.450000003
2023,2999847.1500000004
2024,8894966.13
2025,13435750.8
2026,13161260.0
2027,4334028.300000001
2028,7055547.390000001
2029,14688785.4
2030,5657703.300000001
2031,16387163.100000001
2032,11906941.5
2033,27443459.070000004
2034,17459992.53
2035,9727840.200000001
2036,17490025.8
2037,7567656.99
2038,13178551.590000002
2039,1066576.8
2040,3803289.5700000003
2041,7950571.470000001
2042,4890076.140000001
2043,6745465.5600000005
2044,18551663.1
2045,11382650.4
2046,18436829.16
2047,12813301.65
2048,2461516.02
2049,7446288.48
2050,5608317.180000001
2051,10733189.4
2052,16240351.170000002
2053,5162341.380000001
2054,20447810.610000003
2055,19576724.790000003
2056,17965354.44
2057,22013582.16
2058,5444128.2
2059,17254894.5
2060,8020744.5600000005
2061,10382401.65
2062,13898631.9
2063,13986041.070000002
2064,5040177.0
2065,13700933.13
2066,5994138.750000001
2067,6469515.0
2068,10310701.200000001
2069,8518040.100000001
2070,1365454.29
2071,16633882.5
2072,5550048.800000001
2073,15828505.650000002
2074,11928490.5
2075,13701756.0
2076,13279427.280000001
2077,1268361.6
2078,1118813.4000000001
2079,3882300.4800000004
2080,7429696.5
2081,10392783.200000001
2082,4175488.1100000003
2083,7745145.600000001
2084,19317810.630000003
2085,15032284.5
2086,24846969.270000003
2087,3934764.0
2088,16364290.5
2089,8659058.940000001
2090,9057773.6
2091,22936206.39
2092,2453821.5
2093,3739637.7300000004
2094,5157876.960000001
2095,24809769.0
2096,18996641.01
2097,19727514.400000002
2098,6387403.98
2099,357899.2
2100,11246599.200000001
2101,8771910.42
2102,6866820.0
2103,18923658.51
2104,13609968.63
2105,4787441.100000001
2106,19818952.32
2107,7677362.73
2108,4102259.1900000004
2109,22494429.720000003
2110,11536555.23
2111,9533454.780000001
2112,12696877.080000002
2113,5266185.210000001
2114,17993713.830000002
2115,932068.5
2116,10575527.22
2117,13641396.06
2118,6973644.930000001
2119,791336.7600000001
2120,4275594.57
2121,16373238.150000002
2122,10072219.920000002
2123,4326242.760000001
2124,16866876.240000002
2125,2614565.04
2126,10001080.0
2127,9665975.46
2128,578347.7400000001
2129,18947993.040000003
2130,11962949.520000001
2131,7659556.11
2132,19291926.0
2133,8556447.21
2134,4808151.48
2135,1999898.1
2136,21528398.94
2137,18968266.080000002
2138,19319137.080000002
2139,18898301.67
2140,2474497.47
2141,15917049.240000002
2142,8335457.3100000005
2143,2611712.3400000003
2144,12460800.8
2145,5289359.79
2146,27105986.400000002
2147,9336851.58
2148,9102843.600000001
2149,7220791.5
2150,927304.8
2151,12993945.270000001
2152,950434.17
2153,4975216.0
2154,334811.52
2155,6492987.180000001
2156,30690701.910000004
2157,8436067.71
2158,30331236.0
2159,9051453.0
2160,537278.8500000001
2161,1214457.0
2162,6371457.720000001
2163,15267527.200000001
2164,85549.92000000001
2165,22258220.610000003
2166,14668068.360000001
2167,7370294.4
2168,9285517.41
2169,26460392.01
2170,5875280.0
2171,3388409.3100000005
2172,25693784.94
2173,664884.4500000001
2174,215124.66000000003
2175,12747151.200000001
2176,5184030.78
2177,15184109.580000002
2178,14157173.100000001
2179,36068778.45
2180,6900816.0
2181,14968426.590000002
2182,12600239.370000001
2183,8096868.36
2184,1699040.37
2185,9500710.89
2186,30600646.500000004
2187,3070640.7300000004
2188,7168794.03
2189,12750374.64
2190,13055254.4
2191,7471401.120000001
2192,17572110.3
2193,1665825.84
2194,8512169.31
2195,1271646.0
2196,7922701.590000001
2197,19479058.5
2198,7294476.0
2199,7488590.580000001
2200,17413105.020000003
2201,3381472.9200000004
2202,9113728.260000002
2203,2175497.8800000004
2204,72806.01000000001
2205,5405889.8100000005
2206,20758002.330000002
2207,4819564.5
2208,2815306.3200000003
2209,3328634.7
2210,11835164.100000001
2211,15699389.340000002
2212,5052533.5200000005
2213,64162.44
2214,2396518.8600000003
2215,12991513.260000002
2216,6137047.920000001
2217,16468086.540000001
2218,5332247.970000001
2219,18474948.78
2220,16578456.060000002
2221,7048111.5
2222,2923685.6100000003
2223,8472836.46
2224,8514875.49
2225,22292388.0
2226,22606314.39
2227,7847319.2
2228,12813823.350000001
2229,18984766.23
2230,8714144.91
2231,5058591.9
2232,19362090.75
2233,13274509.98
2234,4929529.98
2235,11097606.840000002
2236,8049943.11
2237,6644149.2
2238,199989.81000000003
2239,18086704.080000002
2240,15184974.0
2241,11778505.260000002
2242,9129309.33
2243,11893701.600000001
2244,3968962.5
2245,22426568.76
2246,3723594.9000000004
2247,23823114.150000002
2248,18152436.0
2249,9716217.39
2250,6645510.0600000005
2251,2455381.0500000003
2252,3728906.2500000005
2253,16537635.810000002
2254,6559297.470000001
2255,25439349.630000003
2256,16003077.570000002
2257,15508137.450000001
2258,1051720.56
2259,16680218.64
2260,21943644.39
2261,3304501.08
2262,11634243.000000002
2263,33847537.5
2264,13162808.46
2265,11041424.8
2266,17077658.400000002
2267,27466303.980000004
2268,9948975.510000002
2269,3142667.5200000005
2270,13097096.8
2271,9613212.72
2272,19986287.040000003
2273,14773052.160000002
2274,987076.3800000001
2275,9184027.89
2276,6451594.5
2277,9954707.55
2278,7562374.500000001
2279,22529772.12
2280,25970577.0
2281,23257893.270000003
2282,22320129.750000004
2283,6391598.670000001
2284,4341116.8
2285,13545670.770000001
2286,10445610.0
2287,9390633.0
2288,15746222.46
2289,10249543.200000001
2290,5446721.16
2291,23233303.44
2292,13720051.770000001
2293,9920005.620000001
2294,4444314.57
2295,9272497.110000001
2296,26305482.0
2297,23982456.0
2298,17615775.2
2299,10585341.0
2300,3242539.7700000005
2301,1149327.3
2302,9773026.5
2303,17982212.01
2304,5263977.420000001
2305,15608277.21
2306,556074.4800000001
2307,17545100.67
2308,21935299.41
2309,3780575.2
2310,24134804.37
2311,13109327.55
2312,17263576.92
2313,22796455.17
2314,22059263.1
2315,19042934.67
2316,15478650.3
2317,19703900.82
2318,11461666.860000001
2319,23036549.28
2320,10431226.110000001
2321,6711811.470000001
2322,5904510.69
2323,1328550.12
2324,12888841.590000002
2325,1808304.33
2326,4908992.0
2327,6755402.28
2328,2423443.02
2329,3127281.6
2330,9144435.3
2331,23315987.340000004
2332,10591461.270000001
2333,6934356.48
2334,7713345.600000001
2335,19147174.400000002
2336,15017156.700000001
2337,21110955.0
2338,6393057.210000001
2339,20722006.14
2340,14330645.010000002
2341,22101427.560000002
2342,22568125.950000003
2343,10339908.63
2344,15682637.22
2345,20457029.16
2346,15997840.590000002
2347,10130309.55
2348,23623056.630000003
2349,13795015.5
2350,4405686.57
2351,10967841.180000002
2352,4643568.45
2353,20087200.470000003
2354,1208312.0
2355,489476.0
2356,17623023.78
2357,16228205.55
2358,9791553.090000002
2359,7682756.220000001
2360,2427676.56
2361,19700907.0
2362,8939922.24
2363,11734335.030000001
2364,12106993.110000001
2365,5323018.32
2366,2898755.0100000002
2367,16932187.53
2368,3002163.72
2369,19261289.430000003
2370,391584.69000000006
2371,2163121.3800000004
2372,14578700.040000001
2373,16001308.230000002
2374,10867092.030000001
2375,10426384.290000001
2376,23569793.28
2377,9683227.08
2378,1310508.1800000002
2379,3283048.8000000003
2380,30356874.96
2381,344903.64
2382,6488037.69
2383,19452422.55
2384,8336546.4
2385,9973513.170000002
2386,16153550.280000001
2387,732668.8200000001
2388,8268659.73
2389,22001755.110000003
2390,815417.1000000001
2391,2987167.62
2392,6632526.390000001
2393,14767081.47
2394,1619036.0
2395,4421942.4
2396,7931376.0
2397,3562094.4000000004
2398,7699798.4
2399,22579128.0
2400,10082570.670000002
2401,30931456.5
2402,8720131.200000001
2403,10830594.120000001
2404,512385.60000000003
2405,9679060.14
2406,4582077.78
2407,11154274.56
2408,7143821.250000001
2409,24616668.69
2410,9632994.030000001
2411,3092478.87
2412,4026691.2
2413,8325275.280000001
2414,32226929.700000003
2415,10115952.81
2416,8846653.38
2417,11046643.41
2418,5358392.0
2419,2353515.0
2420,25112413.5
2421,12306548.910000002
2422,584085.3300000001
2423,8749612.74
2424,3132281.2500000005
2425,5361770.640000001
2426,4842522.630000001
2427,3521765.8200000003
2428,14438109.660000002
2429,707808.0
2430,15062602.320000002
2431,1455862.6800000002
2432,8092773.57
2433,12156756.63
2434,18262982.07
2435,17480518.5
2436,4693114.5
2437,12526678.56
2438,17268879.39
2439,1017717.93
2440,7287864.840000001
2441,6439472.970000001
2442,8702495.46
2443,9366570.72
2444,3029313.2100000004
2445,25391761.5
2446,6529208.800000001
2447,8726935.440000001
2448,7425481.53
2449,19309948.5
2450,28051531.5
2451,10716711.0
2452,530118.24
2453,19500168.090000004
2454,916111.8600000001
2455,1436232.33
2456,8351875.32
2457,34434948.0
2458,12772422.57
2459,7111862.130000001
2460,16975898.220000003
2461,9847962.180000002
2462,14015186.340000002
2463,28450278.0
2464,2840252.8000000003
2465,7280352.36
2466,16833995.82
2467,8562885.21
2468,13034916.48
2469,18183813.540000003
2470,28069348.110000003
2471,14052074.97
2472,17842832.64
2473,2456236.8600000003
2474,23416996.23
2475,19895857.560000002
2476,13444335.0
2477,5587638.99
2478,21574407.330000002
2479,9107814.180000002
2480,19494740.19
2481,12570178.350000001
2482,17566448.19
2483,6565527.9
2484,1009639.3500000001
2485,11788155.600000001
2486,1510398.09
2487,16137515.22
2488,3322755.0300000003
2489,6031643.430000001
2490,6106993.5600000005
2491,26648119.650000002
2492,5266185.210000001
2493,7016365.500000001
2494,15430863.690000001
2495,6739347.24
2496,732105.0
2497,2199887.91
2498,20993420.01
2499,2292726.0900000003
2500,6223750.0200000005
2501,9531396.840000002
2502,20741952.840000004
2503,774987.5700000001
2504,6138254.49
2505,11135138.4
2506,13781904.3
2507,9075395.520000001
2508,9386481.9
2509,8791663.98
2510,9261302.760000002
2511,4696121.4
2512,18501754.17
2513,4507463.58
2514,19806684.6
2515,1943489.0100000002
2516,12616193.4
2517,3426739.83
2518,5861412.720000001
2519,29951849.28
2520,9261533.64
2521,8590378.8
2522,22351631.55
2523,6471141.2700000005
2524,4942965.420000001
2525,4591626.0
2526,16973186.490000002
2527,19263802.470000003
2528,2169762.0
2529,15565900.5
2530,13109813.600000001
2531,3755053.41
2532,9416883.0
2533,5347381.710000001
2534,10518367.770000001
2535,17461464.39
2536,24538168.5
2537,11497540.8
2538,18287413.17
2539,21472161.900000002
2540,21192073.5
2541,5677463.5200000005
2542,12868353.21
2543,14307054.0
2544,3882300.4800000004
2545,15650379.510000002
2546,22241639.430000003
2547,22768572.0
2548,11954042.88
2549,571969.68
2550,9450409.020000001
2551,12341890.200000001
2552,9781002.540000001
2553,6876945.0600000005
2554,17855667.57
2555,16283172.750000002
2556,1333221.0000000002
2557,13063050.0
2558,11037835.56
2559,13708399.5
2560,9419947.290000001
2561,12118210.770000001
2562,13369936.680000002
2563,10989850.5
2564,7768860.0
2565,12481017.600000001
2566,11210480.520000001
2567,18897742.400000002
2568,11149733.55
2569,4708140.48
2570,22279114.14
2571,6345737.91
2572,10808596.14
2573,20457211.200000003
2574,3658256.8000000003
2575,15751435.020000001
2576,8199582.210000001
2577,23857201.14
2578,14220267.72
2579,17553787.53
2580,18343316.1
2581,10955347.020000001
2582,691910.7300000001
2583,3940599.0
2584,7799602.590000001
2585,3212467.6500000004
2586,3700879.8600000003
2587,10494760.0
2588,24134088.42
2589,17487785.82
2590,15635030.430000002
2591,6194034.4
2592,8255608.350000001
2593,15359909.160000002
2594,5956291.08
2595,6571017.960000001
2596,7657421.580000001
2597,12179697.000000002
2598,14692153.14
2599,3989476.5300000003
2600,16356235.170000002
2601,4623404.8
2602,17659938.0
2603,21387.480000000003
2604,864389.6000000001
2605,18707028.69
2606,10192911.33
2607,16797782.07
2608,9888579.0
2609,932206.8600000001
2610,642747.0
2611,11258602.350000001
2612,16557927.72
2613,563591.4
2614,13563601.71
2615,11198691.21
2616,17107212.330000002
2617,20399023.89
2618,962436.6000000001
2619,4253183.67
2620,20365601.790000003
2621,9260088.42
2622,14334555.540000001
2623,8637792.450000001
2624,22755213.0
2625,11907633.0
2626,4223236.98
2627,12949318.5
2628,5850465.600000001
2629,4163423.5200000005
2630,12014430.21
2631,1817092.8
2632,6194176.5
2633,14861492.520000001
2634,5670311.79
2635,3261481.9200000004
2636,4711999.95
2637,9404487.21
2638,11548143.63
2639,517132.35000000003
2640,9610197.96
2641,15493916.13
2642,5067187.74
2643,12864165.180000002
2644,2069002.2600000002
2645,5318644.0
2646,16375429.5
2647,10783930.83
2648,3454405.47
2649,6328018.98
2650,5545290.2700000005
2651,23265927.0
2652,20911785.060000002
2653,4046328.5100000002
2654,4301672.91
2655,2573470.62
2656,10407699.66
2657,21075839.73
2658,12652216.23
2659,8269699.800000001
2660,1078965.6
2661,19915252.590000004
2662,18307723.950000003
2663,6495532.0
2664,14978287.830000002
2665,42322558.5
2666,4042525.6500000004
2667,4429248.54
2668,4661639.25
2669,1457325.6
2670,13972329.240000002
2671,13786248.0
2672,16288226.580000002
2673,4856616.300000001
2674,3007120.9800000004
2675,16401173.520000001
2676,7899929.94
2677,11542197.360000001
2678,7627471.5600000005
2679,17658156.39
2680,19725571.35
2681,2433134.4
2682,17719236.360000003
2683,2728472.1300000004
2684,2858897.1300000004
2685,19177874.040000003
2686,15535383.510000002
2687,11843092.830000002
2688,18445077.57
2689,10540569.99
2690,2069848.8
2691,10849557.360000001
2692,6100501.170000001
2693,11738677.350000001
2694,693179.4600000001
2695,13851957.510000002
2696,4244860.8
2697,11162304.3
2698,352390.4
2699,13337989.770000001
2700,761837.4
2701,14774320.89
2702,9798477.270000001
2703,3392835.99
2704,4297138.4
2705,23705913.69
2706,13200839.280000001
2707,24748863.03
2708,4337080.800000001
2709,25169233.35
2710,7040654.5200000005
2711,13728360.120000001
2712,12656525.600000001
2713,450873.12000000005
2714,16631964.0
2715,20557501.92
2716,6581344.290000001
2717,4379244.15
2718,7239778.4
2719,9830223.200000001
2720,5657790.99
2721,5278336.380000001
2722,10060343.200000001
2723,19928054.220000003
2724,286832.88
2725,7101027.420000001
2726,6909631.23
2727,19040693.580000002
2728,13341504.030000001
2729,8031368.370000001
2730,14509260.660000002
2731,5876631.930000001
2732,22856149.860000003
2733,7511515.410000001
2734,13790154.930000002
2735,17433602.28
2736,1893172.8
2737,9413401.620000001
2738,14578152.81
2739,11324308.8
2740,16769145.180000002
2741,2806265.37
2742,7385474.910000001
2743,13529831.07
2744,9799500.690000001
2745,3606867.0
2746,16322090.46
2747,8091180.0
2748,11975882.13
2749,1423248.6600000001
2750,7944963.750000001
2751,15562880.0
2752,9848819.100000001
2753,15678354.840000002
2754,20894059.470000003
2755,195644.16
2756,13085593.530000001
2757,11234713.5
2758,295504.2
2759,6385521.420000001
2760,5284514.640000001
2761,2236385.8200000003
2762,9266717.340000002
2763,10261595.91
2764,8033211.2
2765,8675700.8
2766,6955856.07
2767,14634814.98
2768,5056850.3100000005
2769,3539040.0
2770,6574605.48
2771,10318926.3
2772,2064758.7300000002
2773,4592558.4
2774,261888.96000000002
2775,221425.02000000002
2776,3878209.0200000005
2777,11307682.110000001
2778,20493254.01
2779,22092251.19
2780,14200807.200000001
2781,22115500.14
2782,18617872.380000003
2783,25906529.76
2784,13608780.930000002
2785,5669500.380000001
2786,26249211.0
2787,1349478.06
2788,9223457.31
2789,21730627.5
2790,26268002.37
2791,8157102.510000001
2792,898274.16
2793,2852222.7
2794,16857718.5
2795,15360955.89
2796,7203641.600000001
2797,5590694.82
2798,14491341.930000002
2799,6916577.61
2800,13392373.110000001
2801,11138846.670000002
2802,6256298.550000001
2803,11576636.22
2804,17425695.75
2805,9898100.88
2806,18632135.880000003
2807,18521269.080000002
2808,10871780.670000002
2809,9535014.0
2810,24756940.500000004
2811,20307565.44
2812,36251555.49
2813,338154.84
2814,11447743.020000001
2815,23449278.360000003
2816,10369848.66
2817,5250873.87
2818,5064572.58
2819,246253.50000000003
2820,16158315.510000002
2821,14647349.100000001
2822,8561992.0
2823,11257857.0
2824,14088415.260000002
2825,5176820.220000001
2826,15771811.290000001
2827,11314942.620000001
2828,8217967.140000001
2829,3488726.6700000004
2830,9712471.14
2831,14745509.73
2832,16173893.250000002
2833,10539456.0
2834,9371466.4
2835,18786963.0
2836,4308696.99
2837,3500666.4000000004
2838,5706307.98
2839,8033222.4
2840,18994088.01
2841,10778581.74
2842,28874869.560000002
2843,17483417.970000003
2844,440199.36000000004
2845,7338392.040000001
2846,7883086.800000001
2847,13770010.65
2848,11739008.13
2849,10720425.510000002
2850,18367559.610000003
2851,6679826.82
2852,637406.4
2853,1674538.2300000002
2854,18036664.17
2855,2889352.2
2856,25198650.570000004
2857,22920286.5
2858,12220382.940000001
2859,18049311.51
2860,3577583.2800000003
2861,11552847.81
2862,405945.87000000005
2863,15696880.740000002
2864,12169033.23
2865,11426856.15
2866,13031469.930000002
2867,3748348.8000000003
2868,6553222.5
2869,22858328.790000003
2870,14466109.410000002
2871,7579537.32
2872,97653.36000000002
2873,4093779.9000000004
2874,20852256.87
2875,6997845.15
2876,18745555.5
2877,17642174.610000003
2878,21322924.62
2879,10074538.4
2880,22947204.270000003
2881,6341876.220000001
2882,12253674.0
2883,514692.0
2884,17401826.310000002
2885,12199951.170000002
2886,8595635.760000002
2887,20192885.790000003
2888,3852356.0100000002
2889,15895933.71
2890,2524445.25
2891,14318503.830000002
2892,13420494.96
2893,20204494.17
2894,8927040.690000001
2895,3829729.7700000005
2896,1155740.8800000001
2897,18355836.900000002
2898,14262779.610000001
2899,10797378.48
2900,13280328.600000001
2901,8320989.57
2902,5247479.49
2903,5715278.4
2904,6696302.550000001
2905,4469242.95
2906,3647706.0
2907,17645600.07
2908,20697585.03
2909,6252898.5
2910,3507584.8000000003
2911,8237152.380000001
2912,19504963.290000003
2913,1071031.23
2914,13197276.180000002
2915,8405694.4
2916,17752860.48
2917,8675216.100000001
2918,13889552.100000001
2919,14377099.620000001
2920,5923492.800000001
2921,7019968.800000001
2922,4593332.07
2923,1865666.4000000001
2924,11750983.5
2925,23765863.680000003
2926,7414224.0
2927,23901474.6
2928,11955155.100000001
2929,14683268.700000001
2930,14079701.760000002
2931,2714427.3000000003
2932,9847884.48
2933,19005448.860000003
2934,18651724.05
2935,12739422.270000001
2936,12828022.47
2937,10109215.110000001
2938,2910388.9200000004
2939,1446322.2300000002
2940,12508544.49
2941,5488491.57
2942,16439048.940000001
2943,6919671.180000001
2944,5632199.94
2945,17535793.5
2946,18135088.5
2947,8508325.5
2948,2349724.5900000003
2949,16804250.040000003
2950,2153801.8200000003
2951,15358143.150000002
2952,14356384.8
2953,3432582.87
2954,8715919.5
2955,4268952.8
2956,7158394.44
2957,6574549.98
2958,10381897.71
2959,7078912.890000001
2960,338154.84
2961,16921876.740000002
2962,12681370.38
2963,16913147.700000003
2964,19162346.25
2965,16205421.0
2966,4223766.0
2967,14337448.200000001
2968,5418753.600000001
2969,1511910.0
2970,1696698.2700000003
2971,6224290.590000001
2972,6169445.49
2973,16033410.540000001
2974,5769622.380000001
2975,4672626.03
2976,17505340.470000003
2977,1279892.1600000001
2978,2498961.6
2979,14593421.97
2980,17332562.310000002
2981,17631553.020000003
2982,2774937.8400000003
2983,5669651.340000001
2984,10924180.440000001
2985,13275779.82
2986,9479792.0
2987,5012347.08
2988,3317756.7
2989,14030432.190000001
2990,8808917.82
2991,17661950.37
2992,1846042.11
2993,14154523.530000001
2994,26543888.430000003
2995,12952601.100000001
2996,17359998.400000002
2997,13014728.910000002
2998,9948572.58
2999,5808713.250000001
3000,2181011.25
3001,14537915.31
3002,20465916.0
3003,11275846.200000001
3004,4572599.49
3005,7809887.850000001
3006,18720854.85
3007,104484.3
3008,14620121.910000002
3009,4409437.260000001
3010,3786593.6
3011,7224540.45
3012,9950592.780000001
3013,17051070.75
3014,149156.25
3015,18603251.46
3016,15234993.090000002
3017,2627840.64
3018,6797146.050000001
3019,17814292.32
3020,7461274.590000001
3021,9284170.98
3022,20061178.740000002
3023,24943711.320000004
3024,14697311.31
3025,15367545.600000001
3026,1980657.36
3027,22644426.240000002
3028,20849834.85
3029,7953407.5200000005
3030,2027740.0
3031,12438080.580000002
3032,8942411.97
3033,5350097.880000001
3034,3811213.8600000003
3035,10828138.8
3036,22659460.080000002
3037,8646846.72
3038,10375555.170000002
3039,1058962.5
3040,9269290.32
3041,2637994.9200000004
3042,7464781.080000001
3043,1944845.4300000002
3044,11705216.4
3045,2781391.3800000004
3046,10649010.33
3047,1577295.0
3048,12577069.23
3049,5931139.5
3050,11774263.950000001
3051,1216031.6400000001
3052,22494933.0
3053,14452425.330000002
3054,6413619.960000001
3055,3401482.89
3056,12692429.31
3057,7188741.840000001
3058,17715129.0
3059,15074776.5
3060,2792069.58
3061,29262240.69
3062,22466596.470000003
3063,7443481.5
3064,14313972.81
3065,1746987.2000000002
3066,14953782.360000001
3067,6590100.0
3068,7790998.98
3069,5324978.58
3070,21769096.89
3071,14833235.250000002
3072,6976356.66
3073,16138711.8
3074,5823450.720000001
3075,23984744.580000002
3076,5369055.57
3077,8808944.46
3078,13407904.8
3079,29326629.570000004
3080,11755514.4
3081,853261.4400000001
3082,11872611.06
3083,4339166.4
3084,16924654.5
3085,404563.92000000004
3086,12716387.55
3087,7378549.600000001
3088,20999742.57
3089,11555429.670000002
3090,2423443.02
3091,14438896.65
3092,1637139.0000000002
3093,5057222.4
3094,18147488.790000003
3095,10927312.5
3096,11271837.600000001
3097,10003217.88
3098,9491477.91
3099,7706822.130000001
3100,14739786.570000002
3101,5916020.28
3102,8206666.23
3103,6568725.600000001
3104,2517779.2
3105,5632742.73
3106,9369846.4
3107,13950567.690000001
3108,4532460.78
3109,27059889.69
3110,25232514.0
3111,8848729.08
3112,65472.240000000005
3113,795293.91
3114,20550264.720000003
3115,2685152.16
3116,3811332.6300000004
3117,28242006.0
3118,21466849.44
3119,877720.8
3120,25786189.110000003
3121,25199908.5
3122,9751225.680000002
3123,5264798.4
3124,15115881.21
3125,12393796.020000001
3126,14817627.540000001
3127,4784053.380000001
3128,6861187.500000001
3129,22466925.03
3130,2799857.3400000003
3131,10060609.32
3132,13439736.81
3133,7214589.300000001
3134,811891.7400000001
3135,32535448.650000002
3136,12647167.950000001
3137,10735451.58
3138,18079588.98
3139,18108091.5
3140,9405193.17
3141,17119070.46
3142,10600725.33
3143,3825903.2
3144,14709566.820000002
3145,12242761.65
3146,18971879.130000003
3147,1819671.0
3148,16161406.860000001
3149,1546536.36
3150,8046616.44
3151,24496813.5
3152,11952875.16
3153,3668927.4000000004
3154,11633732.4
3155,197002.80000000002
3156,11737708.32
3157,2673999.99
3158,110049.84000000001
3159,7068332.370000001
3160,22243082.430000003
3161,11257638.0
3162,22576729.560000002
3163,18389467.680000003
3164,3098608.2900000005
3165,2684812.5000000005
3166,10002977.010000002
3167,6553382.28
3168,7941431.73
3169,19107150.0
3170,12926068.770000001
3171,13297935.420000002
3172,3086930.4000000004
3173,10082817.090000002
3174,17871343.5
3175,10796836.8
3176,19477371.0
3177,11112228.870000001
3178,29906021.820000004
3179,6891387.0
3180,8925669.6
3181,6092887.680000001
3182,11712455.82
3183,22228035.270000003
3184,6596443.2
3185,12526039.200000001
3186,13158447.270000001
3187,7036065.78
3188,26914639.53
3189,19578870.42
3190,13783201.600000001
3191,7694302.4
3192,1133063.58
3193,7033308.540000001
3194,14333362.290000001
3195,1564713.7200000002
3196,4371015.0
3197,16879354.860000003
3198,14361137.820000002
3199,7416429.48
3200,4901652.33
3201,22665913.62
3202,17682246.720000003
3203,3738817.4400000004
3204,26438.4
3205,3154944.0
3206,17331879.66
3207,1946187.4200000002
3208,12324133.530000001
3209,206011.56000000003
3210,10757680.440000001
3211,6702417.540000001
3212,17872505.16
3213,15157455.0
3214,12788026.950000001
3215,7852471.890000001
3216,22167236.130000003
3217,7720533.600000001
3218,10468492.14
3219,380730.00000000006
3220,11315204.8
3221,18204014.430000003
3222,6079674.24
3223,11077200.600000001
3224,14419044.3
3225,5950072.5
3226,10946770.05
3227,16902701.490000002
3228,10664937.72
3229,4738265.880000001
3230,12504132.8
3231,17748676.5
3232,31464164.340000004
3233,3404648.6100000003
3234,4569057.48
3235,440740.80000000005
3236,8309980.590000001
3237,4816534.2
3238,4428457.11
3239,8408876.8
3240,13566864.000000002
3241,6399673.920000001
3242,15820287.21
3243,2796491.8200000003
3244,3293872.83
3245,21854884.35
3246,7380487.680000001
3247,22705325.28
3248,12607139.13
3249,3630659.0400000005
3250,18018148.26
3251,16744942.740000002
3252,3944320.6200000006
3253,6465528.000000001
3254,18574334.85
3255,5539770.24
3256,7355976.660000001
3257,11673994.5
3258,10628430.930000002
3259,19248481.5
3260,10781208.000000002
3261,17907148.26
3262,16022353.830000002
3263,12263380.0
3264,1472026.5000000002
3265,1051428.0
3266,12924542.520000001
3267,14570091.990000002
3268,1688093.55
3269,12260813.580000002
3270,10484998.950000001
3271,14556607.71
3272,4855974.720000001
3273,3931084.9800000004
3274,2188650.27
3275,8525430.48
3276,9961835.97
3277,8997535.680000002
3278,24814829.220000003
3279,1143696.8
3280,15902320.8
3281,5631868.050000001
3282,24196364.970000003
3283,9624298.290000001
3284,22509872.040000003
3285,5935375.350000001
3286,5465672.19
3287,25497803.340000004
3288,16211430.120000001
3289,9260478.4
3290,9970045.530000001
3291,9942012.48
3292,147616.68000000002
3293,14864973.48
3294,6399673.920000001
3295,2005368.8
3296,17683111.41
3297,20412994.35
3298,8355666.4
3299,10353008.850000001
3300,1834583.58
3301,18155204.400000002
3302,1434704.9700000002
3303,16016007.96
3304,3151977.0900000003
3305,8289650.94
3306,16631378.64
3307,16903027.830000002
3308,17905952.790000003
3309,9492472.47
3310,13233293.46
3311,2889352.2
3312,20695362.810000002
3313,10326079.14
3314,10925278.23
3315,7622447.2
3316,20141376.240000002
3317,1237702.1700000002
3318,9890814.840000002
3319,6743656.260000001
3320,14531361.600000001
3321,10768631.700000001
3322,1552595.85
3323,6037398.78
3324,4080524.2800000003
3325,2649034.9800000004
3326,2091766.1400000001
3327,366052.5
3328,2091031.2000000002
3329,620236.92
3330,6071636.73
3331,32851446.78
3332,22256685.48
3333,4930543.41
3334,15406579.5
3335,18816961.98
3336,4046288.5500000003
3337,12366977.31
3338,517132.35000000003
3339,24011555.520000003
3340,1549975.1400000001
3341,19744096.14
3342,11562308.340000002
3343,8480733.0
3344,4479024.2700000005
3345,18361544.520000003
3346,22034515.650000002
3347,9987129.540000001
3348,2053914.0300000003
3349,3094895.3400000003
3350,21172637.28
3351,538021.4400000001
3352,7402942.98
3353,8902296.57
3354,12486399.99
3355,18443444.76
3356,95610.96
3357,1346787.0
3358,21650588.85
3359,558549.6
3360,12750455.200000001
3361,7459600.710000001
3362,3982274.8500000006
3363,2642406.0
3364,10849629.510000002
3365,3395023.8000000003
3366,192782.58000000002
3367,9416228.790000001
3368,10941831.66
3369,23034601.23
3370,9066672.030000001
3371,8427058.950000001
3372,3587788.62
3373,2041659.6300000001
3374,21230886.750000004
3375,16144631.430000002
3376,5692208.760000001
3377,11049279.66
3378,3198631.5000000005
3379,5874021.0
3380,14774326.440000001
3381,9553459.200000001
3382,18005482.05
3383,9743290.290000001
3384,3756157.8600000003
3385,19818278.55
3386,10461460.290000001
3387,2887140.8000000003
3388,1239096.33
3389,15860337.120000001
3390,9864627.200000001
3391,16171632.180000002
3392,18047595.450000003
3393,14669724.48
3394,4869591.090000001
3395,1655692.0
3396,11411083.05
3397,6300985.600000001
3398,8523994.14
3399,21031044.57
3400,266511.0
3401,13005193.600000001
3402,17947705.44
3403,4048434.18
3404,12292791.57
3405,10907186.340000002
3406,1560993.0000000002
3407,14830393.650000002
3408,10027735.56
3409,6403854.0
3410,13075306.05
3411,3219227.5500000003
3412,8625232.8
3413,21664023.180000003
3414,15343659.870000001
3415,9782157.0
3416,21111778.200000003
3417,1801512.2400000002
3418,13976799.0
3419,13475955.0
3420,2166186.0
3421,6405830.4
3422,23460908.94
3423,10160870.07
3424,7773590.850000001
3425,5683830.48
3426,2555718.39
3427,9873364.530000001
3428,714135.15
3429,4202882.4
3430,15440274.270000001
3431,10345902.63
3432,25062233.790000003
3433,18094482.0
3434,14112998.430000002
3435,7161712.0
3436,4065505.5
3437,8841798.24
3438,24181998.240000002
3439,14562064.47
3440,14784780.420000002
3441,12695842.56
3442,361958.4
3443,11572406.010000002
3444,17904470.94
3445,14708197.080000002
3446,13217400.48
3447,14921789.940000001
3448,1017630.2400000001
3449,15655715.280000001
3450,8410128.120000001
3451,11803615.680000002
3452,11939712.780000001
3453,13825865.850000001
3454,2442725.9400000004
3455,24059899.5
3456,20593264.0
3457,2149115.4000000004
3458,2102091.3600000003
3459,17716242.69
3460,13335299.200000001
3461,7253357.160000001
3462,2706033.4800000004
3463,6101814.300000001
3464,15628740.06
3465,15949349.600000001
3466,23183380.080000002
3467,18167706.330000002
3468,14811618.000000002
3469,4582961.340000001
3470,11324218.89
3471,8720979.180000002
3472,21058738.400000002
3473,10408698.4
3474,2840427.8400000003
3475,2649954.06
3476,20211396.150000002
3477,9960347.200000001
3478,14830874.280000001
3479,26899987.53
3480,25957552.020000003
3481,16835946.09
3482,6193393.74
3483,5719160.670000001
3484,10553367.180000002
3485,4246848.0
3486,2039215.4100000001
3487,5907953.91
3488,1605607.2300000002
3489,18422843.16
3490,17287594.5
3491,25898493.0
3492,7383412.53
3493,7365294.000000001
3494,26484769.830000002
3495,4835295.420000001
3496,23883752.340000004
3497,15459538.320000002
3498,8787140.73
3499,20434229.76
3500,11651147.190000001
3501,7136405.340000001
3502,9928441.620000001
3503,9690211.200000001
3504,7692636.330000001
3505,9288705.33
3506,1944282.4000000001
3507,3598284.8000000003
3508,11718225.0
3509,3193534.3800000004
3510,8378377.680000001
3511,9609980.4
3512,1571333.7600000002
3513,15214323.780000001
3514,9929883.0
3515,16888224.87
3516,1306053.75
3517,6931563.720000001
3518,2583727.2
3519,7420939.410000001
3520,3515916.12
3521,16716413.520000001
3522,12693660.0
3523,2237343.75
3524,26932990.05
3525,11121538.440000001
3526,4343475.510000001
3527,11120956.8
3528,1132980.33
3529,10910369.82
3530,3303337.6
3531,4700699.04
3532,1049456.0
3533,6532404.0
3534,11400985.38
3535,13502622.750000002
3536,900316.56
3537,24643603.950000003
3538,4555669.600000001
3539,11456916.0
3540,19688650.53
3541,8981492.850000001
3542,16900276.14
3543,2557563.2100000004
3544,1496115.0
3545,11329784.430000002
3546,7717671.2700000005
3547,5169708.45
3548,19349506.680000003
3549,13075933.5
3550,4678149.390000001
3551,27803287.5
3552,16111039.500000002
3553,15274507.98
3554,11989951.38
3555,5050000.5
3556,4645900.5600000005
3557,15742473.990000002
3558,2645581.77
3559,32078468.310000002
3560,20420719.950000003
3561,3724392.99
3562,7754134.7700000005
3563,14565776.31
3564,5205129.66
3565,14942576.910000002
3566,18629225.46
3567,7056402.090000001
3568,17167302.0
3569,19478263.35
3570,253113.0
3571,12966021.000000002
3572,11425109.010000002
3573,14992215.000000002
3574,6741513.0
3575,18357594.03
3576,11284733.97
3577,10614658.4
3578,9360470.16
3579,6679683.0
3580,365572.80000000005
3581,2457361.29
3582,6051189.420000001
3583,19822024.5
3584,339737.7
3585,10524350.670000002
3586,12358164.8
3587,15855697.320000002
3588,3193179.18
3589,4374813.03
3590,5472776.19
3591,5517718.98
3592,17645133.87
3593,6288252.12
3594,11660749.8
3595,1287119.37
3596,8603780.940000001
3597,20216367.840000004
3598,7863843.840000001
3599,4163964.0900000003
3600,26160163.650000002
3601,6254816.7
3602,3031057.0200000005
3603,10009488.270000001
3604,29274393.0
3605,10707666.0
3606,215801.6
3607,7738739.07
3608,845387.1000000001
3609,13031847.330000002
3610,14356522.440000001
3611,1731061.6500000001
3612,7716638.970000001
3613,7826035.0200000005
3614,10138127.280000001
3615,14505114.81
3616,3526859.6100000003
3617,7889636.910000001
3618,6069279.090000001
3619,8295208.800000001
3620,6060541.5
3621,22345217.970000003
3622,5030031.600000001
3623,4652764.800000001
3624,2559784.3200000003
3625,7320697.53
3626,1331982.2400000002
3627,2739613.2
3628,12246574.500000002
3629,19758385.17
3630,18140096.19
3631,23368864.410000004
3632,7667974.350000001
3633,15828735.420000002
3634,11708071.32
3635,10073632.950000001
3636,13298219.580000002
3637,1808304.33
3638,6518993.37
3639,2074815.33
3640,2989867.14
3641,14112875.22
3642,19082935.740000002
3643,4408043.100000001
3644,16928779.830000002
3645,22425618.6
3646,934241.6000000001
3647,20785603.590000004
3648,4676871.78
3649,11053460.8
3650,18350654.310000002
3651,7611328.830000001
3652,16891013.19
3653,11832414.63
3654,11714063.100000001
3655,7179210.0
3656,2352361.95
3657,2184180.3000000003
3658,7962934.5
3659,8597061.0
3660,959919.1200000001
3661,2095111.6800000002
3662,20227024.5
3663,3838361.1300000004
3664,7612225.5
3665,18258691.92
3666,20669189.01
3667,1067791.1400000001
3668,3205278.18
3669,771130.3200000001
3670,5399724.87
3671,5910479.16
3672,2089154.3100000003
3673,2147078.5500000003
3674,15848007.240000002
3675,4822426.08
3676,15596473.600000001
3677,11496152.0
3678,3474658.5300000003
3679,3971201.49
3680,12154266.4
3681,10240617.0
3682,25892023.17
3683,24518475.87
3684,5714099.07
3685,13173301.290000001
3686,13444123.530000001
3687,5681734.5
3688,7518520.620000001
3689,1223489.6
3690,8840071.08
3691,11187530.16
3692,11380982.4
3693,2198006.46
3694,11240642.55
3695,7989191.700000001
3696,9403024.23
3697,6014702.61
3698,9403358.4
3699,9067048.8
3700,7754355.660000001
3701,12191495.190000001
3702,2479167.0
3703,7373425.86
3704,10424868.030000001
3705,21932369.01
3706,1762663.35
3707,29598631.5
3708,19365048.0
3709,10274864.850000001
3710,5891213.600000001
3711,10723469.13
3712,2440670.22
3713,1533490.53
3714,18511377.87
3715,9814463.49
3716,11332437.33
3717,28306506.270000003
3718,5556926.4
3719,13153718.670000002
3720,17726653.380000003
3721,28476357.360000003
3722,16810670.400000002
3723,1903517.9100000001
3724,3527683.2300000004
3725,12981112.56
3726,681807.51
3727,11901832.8
3728,19160414.85
3729,13572896.850000001
3730,18076984.92
3731,12803190.660000002
3732,4791269.49
3733,1720002.7200000002
3734,6990755.580000001
3735,8272389.330000001
3736,895050.7200000001
3737,11117866.56
3738,21865480.41
3739,16714353.360000001
3740,3589500.0
3741,7914563.07
3742,15125443.860000001
3743,17715017.25
3744,21627944.85
3745,10315999.5
3746,5575455.630000001
3747,12261063.330000002
3748,5280052.44
3749,18742086.930000003
3750,12894652.440000001
3751,16062689.010000002
3752,14701442.73
3753,16810824.57
3754,19075626.39
3755,5894289.0
3756,13813012.05
3757,18785591.16
3758,2584051.14
3759,15296259.540000001
3760,13340523.9
3761,21080535.03
3762,7552396.710000001
3763,8388004.0
3764,17307198.810000002
3765,4163766.4000000004
3766,5188924.800000001
3767,10874395.5
3768,2215595.52
3769,7150450.4
3770,9879842.49
3771,18362713.35
3772,7148396.670000001
3773,25349805.930000003
3774,5016662.760000001
3775,13584489.690000001
3776,7918972.0
3777,22287354.78
3778,19478116.830000002
3779,13552955.700000001
3780,6147441.960000001
3781,18324371.73
3782,22556671.5
3783,1747133.34
3784,7819419.420000001
3785,532440.0
3786,4960968.0
3787,12702667.5
3788,3651941.0700000003
3789,22550372.610000003
3790,418514.4
3791,11255376.690000001
3792,10080535.200000001
3793,25014188.55
3794,14634555.0
3795,2629211.49
3796,13250193.21
3797,8349734.130000001
3798,15308775.900000002
3799,14622333.030000001
3800,8421426.4
3801,19229582.28
3802,2872138.3200000003
3803,10628750.610000001
3804,2103710.85
3805,6145102.080000001
3806,9769953.600000001
3807,15812446.170000002
3808,8193720.300000001
3809,16404536.820000002
3810,12772010.760000002
3811,541757.7000000001
3812,6392068.800000001
3813,11160547.170000002
3814,14850201.600000001
3815,11392226.370000001
3816,33621777.900000006
3817,12146872.080000002
3818,3935448.39
3819,30596334.0
3820,10601646.63
3821,11525832.63
3822,1995317.1300000001
3823,10124536.440000001
3824,26380557.0
3825,6269369.91
3826,23112529.89
3827,18806742.21
3828,5566458.0
3829,18023058.900000002
3830,1945121.6
3831,1454457.4200000002
3832,4826425.41
3833,7158446.61
3834,16730217.480000002
3835,25105991.1
3836,24441889.5
3837,5708077.32
3838,8022839.130000001
3839,7508126.580000001
3840,13275724.32
3841,32773063.5
3842,295233.36000000004
3843,1259195.2000000002
3844,14006074.350000001
3845,2459227.5
3846,13863747.930000002
3847,13792754.55
3848,698827.5
3849,1346422.2300000002
3850,5138789.4
3851,30914677.71
3852,21185968.380000003
3853,5747770.920000001
3854,15391432.5
3855,10628859.39
3856,16440988.110000001
3857,16607046.330000002
3858,12788412.120000001
3859,15660128.64
3860,14971540.14
3861,6300369.99
3862,12576876.0
3863,16294942.080000002
3864,7513702.4
3865,9495896.82
3866,8598233.16
3867,967671.3600000001
3868,799533.0000000001
3869,9511921.5
3870,7840129.600000001
3871,27123664.5
3872,9440593.290000001
3873,845387.1000000001
3874,5234350.41
3875,1381052.8
3876,9268273.56
3877,17380223.490000002
3878,20830758.39
3879,13468010.73
3880,26093969.910000004
3881,22548175.92
3882,15828508.980000002
3883,12872745.48
3884,3830860.8000000003
3885,9237589.83
3886,12526324.47
3887,12599237.040000001
3888,4633732.74
3889,13131236.73
3890,1468749.78
3891,18732562.5
3892,19869411.810000002
3893,7682210.100000001
3894,15574529.88
3895,747422.9400000001
3896,29739092.250000004
3897,14631846.840000002
3898,10396967.07
3899,14756069.600000001
3900,13279956.750000002
3901,2750780.91
3902,17354888.85
3903,8904660.870000001
3904,47805.48
3905,27900.960000000003
3906,3277303.8600000003
3907,6496543.62
3908,5459485.050000001
3909,13075056.3
3910,2774129.7600000002
3911,1577184.57
3912,717082.2000000001
3913,4674994.7700000005
3914,14263609.89
3915,15223869.780000001
3916,7572622.0200000005
3917,9824283.66
3918,10869556.8
3919,6537109.680000001
3920,15524531.040000001
3921,22616394.3
3922,6011761.11
3923,14091616.5
3924,18814513.5
3925,3963718.9800000004
3926,13875835.830000002
3927,2981989.47
3928,9310362.540000001
3929,8865561.120000001
3930,22658523.0
3931,706570.5000000001
3932,4991885.600000001
3933,15238556.190000001
3934,13447777.65
3935,4286732.3100000005
3936,32350998.0
3937,15381578.580000002
3938,5718038.460000001
3939,3204854.16
3940,9913572.8
3941,21240587.040000003
3942,4464748.5600000005
3943,1454457.4200000002
3944,8100068.490000001
3945,6306986.7
3946,6406343.91
3947,2613113.16
3948,5759521.5
3949,28496029.890000004
3950,9434247.42
3951,8410796.0
3952,10913581.05
3953,15911512.56
3954,8867998.680000002
3955,8392735.530000001
3956,2889352.2
3957,17395248.450000003
3958,15390709.440000001
3959,13757197.920000002
3960,2013864.12
3961,2371708.14
3962,18803659.740000002
3963,8719363.020000001
3964,13435142.520000001
3965,7255704.8100000005
3966,20435849.25
3967,15158497.440000001
3968,6048905.040000001
3969,16399778.250000002
3970,8550659.67
3971,16930498.110000003
3972,8415802.440000001
3973,6169042.5600000005
3974,5796870.66
3975,14276766.72
3976,2034948.0
3977,3719198.1900000004
3978,14237872.5
3979,2004826.5000000002
3980,14302018.110000001
3981,11929832.670000002
3982,17763327.78
3983,18731147.880000003
3984,20217298.020000003
3985,9675217.32
3986,15621951.3
3987,12200190.930000002
3988,15434810.850000001
3989,15606971.850000001
3990,20889616.5
3991,293466.24000000005
3992,3120141.18
3993,7977631.050000001
3994,4439197.470000001
3995,5157876.960000001
3996,10222969.020000001
3997,655672.56
3998,5284164.99
3999,1069374.0
4000,7446565.98
4001,1678220.1
4002,21239756.76
4003,22648735.26
4004,4327618.050000001
4005,7803516.0
4006,21814868.85
4007,17128186.89
4008,2856323.2
4009,3984018.66
4010,7845082.620000001
4011,18553515.69
4012,2590208.31
4013,5818757.640000001
4014,15326602.500000002
4015,31171778.130000003
4016,15700722.450000001
4017,1595813.7000000002
4018,10534082.040000001
4019,1494845.8800000001
4020,18427172.16
4021,14481923.580000002
4022,22073214.0
4023,5958698.670000001
4024,12789300.120000001
4025,4903579.29
4026,22782196.110000003
4027,5942216.28
4028,4018318.7700000005
4029,28839477.21
4030,15547905.420000002
4031,1414548.4800000002
4032,2970279.0
4033,10350946.47
4034,12736686.4
4035,6296315.16
4036,13305825.3
4037,11825470.5
4038,13793511.57
4039,3677911.5
4040,7040744.430000001
4041,469281.60000000003
4042,3605202.3000000003
4043,2796768.2100000004
4044,3246754.5
4045,16090637.700000001
4046,5286461.58
4047,4002658.89
4048,7831269.78
4049,4876341.0
4050,6975307.710000001
4051,9445747.020000001
4052,5599714.680000001
4053,2378434.74
4054,17665465.740000002
4055,20574814.590000004
4056,4397148.0
4057,8650275.510000002
4058,4702320.0
4059,12675496.260000002
4060,9872338.89
4061,1440389.28
4062,18558733.6
4063,10242056.58
4064,2354070.24
4065,12584415.0
4066,11532000.0
4067,11850579.780000001
4068,2884161.8400000003
4069,16216374.0
4070,7322123.880000001
4071,32301.0
4072,6069264.66
4073,16766473.410000002
4074,1282919.1300000001
4075,7126385.370000001
4076,7799602.590000001
4077,1678220.1
4078,17124277.5
4079,17466134.16
4080,25074044.19
4081,10765662.450000001
4082,14007741.0
4083,27152411.520000003
4084,12232549.65
4085,13863834.510000002
4086,13705382.010000002
4087,5260352.16
4088,25667204.880000003
4089,5526354.78
4090,8533463.55
4091,27151702.230000004
4092,13822169.55
4093,5641557.0
4094,16218049.5
4095,3680864.0
4096,21387411.180000003
4097,12485647.200000001
4098,10253274.0
4099,2599867.5300000003
4100,24744351.990000002
4101,32396829.0
4102,9227406.690000001
4103,16428771.450000001
4104,9268789.5
4105,13529703.420000002
4106,20045017.14
4107,18142338.39
4108,15843708.21
4109,15228608.370000001
4110,20244156.69
4111,16941289.53
4112,10924099.41
4113,6670549.44
4114,9011723.700000001
4115,15300829.410000002
4116,1923165.0
4117,24859831.950000003
4118,166103.73
4119,20375068.98
4120,24453927.150000002
4121,3090173.4000000004
4122,7340743.0200000005
4123,12077247.0
4124,24576666.51
4125,9535716.96
4126,14334787.530000001
4127,13384862.850000001
4128,11441188.47
4129,2517330.1500000004
4130,7972276.800000001
4131,14539349.430000002
4132,11892625.47
4133,110049.84000000001
4134,28132025.37
4135,5338813.62
4136,1159732.4400000002
4137,10364136.600000001
4138,937641.42
4139,1927825.8000000003
4140,4975274.19
4141,1537533.0
4142,23090467.53
4143,13481764.740000002
4144,9276609.66
4145,3322074.6
4146,10853702.100000001
4147,29944796.340000004
4148,14311909.320000002
4149,6527901.600000001
4150,18110713.380000003
4151,3096660.0
4152,8177485.600000001
4153,1328829.84
4154,19446164.37
4155,320812.2
4156,479959.56000000006
4157,20265939.330000002
4158,18986754.240000002
4159,10266403.32
4160,199665.0
4161,5318619.390000001
4162,7455310.5600000005
4163,8293365.0
4164,15809347.05
4165,23845309.71
4166,720300.0
4167,27934160.1
4168,1634415.06
4169,1104117.0
4170,1795123.08
4171,22212104.55
4172,12215270.280000001
4173,22471896.720000003
4174,2913936.4800000004
4175,16509632.730000002
4176,13788418.5
4177,6091450.23
4178,2553417.3600000003
4179,7107747.36
4180,6415788.9
4181,5244886.53
4182,14960662.14
4183,20014281.0
4184,19913605.35
4185,13931295.870000001
4186,1455165.6
4187,18503201.610000003
4188,3197296.1700000004
4189,11939353.14
4190,12021329.97
4191,7388042.340000001
4192,9030017.610000001
4193,1993387.9500000002
4194,14837799.570000002
4195,9910470.72
4196,11594855.760000002
4197,13700196.090000002
4198,320812.2
4199,11568861.780000001
4200,17697409.32
4201,14470439.520000001
4202,26953518.0
4203,4725539.73
4204,10850778.360000001
4205,4730000.0
4206,5123564.640000001
4207,3975863.49
4208,15587383.680000002
4209,17972910.0
4210,1356788.52
4211,1489240.3800000001
4212,573665.76
4213,6568745.790000001
4214,9347578.5
4215,19297220.130000003
4216,5233769.880000001
4217,7991795.760000001
4218,11452700.280000001
4219,4094502.5100000002
4220,1703982.4000000001
4221,19881481.950000003
4222,13852084.0
4223,799533.0000000001
4224,8734765.38
4225,13706144.8
4226,34122640.5
4227,18763656.450000003
4228,9313416.8
4229,15551679.420000002
4230,2037523.7700000003
4231,11243518.56
4232,17007417.78
4233,1562619.1500000001
4234,12845011.020000001
4235,6922432.86
4236,4310535.15
4237,14319492.840000002
4238,13822735.65
4239,23886987.990000002
4240,14146088.64
4241,19658482.950000003
4242,15294194.940000001
4243,15283764.270000001
4244,14364508.89
4245,12987216.0
4246,1607307.7500000002
4247,3858787.3500000006
4248,27724689.78
4249,26136820.35
4250,1808304.33
4251,8459332.200000001
4252,23207660.220000003
4253,22356141.48
4254,17596438.5
4255,12133191.330000002
4256,4656667.5600000005
4257,23561885.64
4258,17370244.59
4259,15863429.580000002
4260,21831980.610000003
4261,5816789.61
4262,1629541.05
4263,12717655.170000002
4264,12381097.620000001
4265,4611776.8
4266,319162.74000000005
4267,7792860.450000001
4268,9011495.040000001
4269,7384985.4
4270,11046054.000000002
4271,18921242.040000003
4272,4695329.970000001
4273,5866718.4
4274,2793850.02
4275,7354323.870000001
4276,1326432.2400000002
4277,26938792.5
4278,11327670.0
4279,12718849.530000001
4280,6220402.5
4281,10749862.71
4282,3474598.5900000003
4283,18068037.21
4284,21777891.42
4285,19567747.110000003
4286,10097184.930000002
4287,8458298.790000001
4288,6970847.73
4289,10387966.4
4290,18359781.0
4291,1406250.0
4292,13467313.65
4293,16810511.55
4294,15714052.440000001
4295,11053575.0
4296,2989852.5
4297,26567787.840000004
4298,17102120.76
4299,10610062.5
4300,12320598.0
4301,29724493.53
4302,32222642.880000003
4303,9206803.98
4304,25320363.180000003
4305,19495850.19
4306,15600699.240000002
4307,17480812.8
4308,15455951.910000002
4309,6503353.470000001
4310,1729584.0
4311,5396901.03
4312,5160422.4
4313,10537121.22
4314,3617462.2500000005
4315,2654946.8400000003
4316,14428962.15
4317,9919889.07
4318,12927319.74
4319,4303968.390000001
4320,16017364.5
4321,76146.0
4322,14728158.21
4323,14500631.520000001
4324,14817383.340000002
4325,6220815.180000001
4326,23603394.090000004
4327,783632.2500000001
4328,33581005.5
4329,10572138.39
4330,6338035.62
4331,5288389.65
4332,5425577.880000001
4333,3583346.4000000004
4334,6668132.970000001
4335,437196.0
4336,13128923.490000002
4337,20105109.21
4338,5231925.0600000005
4339,4681062.03
4340,17514773.25
4341,19476409.650000002
4342,892037.6000000001
4343,4777466.640000001
4344,22490538.060000002
4345,676309.68
4346,4187423.9400000004
4347,6769589.19
4348,330149.52
4349,7806063.9
4350,22317984.12
4351,7726157.220000001
4352,8837468.13
4353,5200645.600000001
4354,7289597.550000001
4355,8795664.42
4356,2978544.0300000003
4357,6987117.000000001
4358,21278504.64
4359,19956506.85
4360,2613113.16
4361,14780712.270000001
4362,25495474.5
4363,7172572.800000001
4364,8247061.350000001
4365,4030663.0800000005
4366,10109474.850000001
4367,11399573.46
4368,18892587.39
4369,17209594.290000003
4370,8518080.06
4371,19134384.240000002
4372,5228084.800000001
4373,18921209.85
4374,6702417.540000001
4375,10705004.280000001
4376,12450561.420000002
4377,7293259.5
4378,22408349.220000003
4379,11226980.670000002
4380,9131319.540000001
4381,9288064.860000001
4382,6045781.600000001
4383,27561352.17
4384,25249783.830000002
4385,17157605.220000003
4386,7092423.8100000005
4387,31053150.0
4388,295504.2
4389,19725979.830000002
4390,20871427.680000003
4391,13676162.370000001
4392,25056271.98
4393,11945685.690000001
4394,6559520.580000001
4395,22452451.740000002
4396,8198769.69
4397,17366995.62
4398,10790777.31
4399,1180263.0
4400,17410569.78
4401,17916589.92
4402,11078813.430000002
4403,12976079.82
4404,12865991.13
4405,19000076.46
4406,12275145.9
4407,12339513.690000001
4408,10486667.280000001
4409,18792163.5
4410,10176545.49
4411,2601844.4400000004
4412,418630.95
4413,18291985.26
4414,5258855.880000001
4415,6451403.250000001
4416,3038568.39
4417,12944746.74
4418,278037.24000000005
4419,4709905.380000001
4420,12190053.3
4421,6102958.710000001
4422,15590967.0
4423,14289001.5
4424,30888538.5
4425,2772718.95
4426,8118993.990000001
4427,1819385.4600000002
4428,884174.4
4429,12429390.39
4430,19203355.200000003
4431,12571064.13
4432,18502009.470000003
4433,3132215.7600000002
4434,8749293.6
4435,23802642.42
4436,16693610.790000001
4437,24303492.180000003
4438,17455613.580000002
4439,16860933.3
4440,1999898.1
4441,17552589.84
4442,27304610.28
4443,11737647.270000001
4444,2694984.54
4445,6133757.880000001
4446,11881738.590000002
4447,21111854.790000003
4448,17776150.5
4449,3872682.3300000005
4450,9596920.14
4451,17241178.23
4452,17228486.490000002
4453,18211500.270000003
4454,20766145.290000003
4455,10092081.15
4456,5786223.540000001
4457,6996841.600000001
4458,11828056.770000001
4459,10869467.430000002
4460,6614020.800000001
4461,5363877.420000001
4462,1697591.82
4463,20326250.07
4464,195644.16
4465,17704287.990000002
4466,3169553.9400000004
4467,1537947.1800000002
4468,6041243.82
4469,9849567.24
4470,20894802.060000002
4471,34876857.0
4472,3146562.4000000004
4473,17173843.41
4474,8987741.040000001
4475,3038568.39
4476,8480462.4
4477,14000650.89
4478,1302585.0
4479,20947951.080000002
4480,13483898.160000002
4481,599160.2400000001
4482,29707452.810000002
4483,16806171.450000003
4484,11246638.770000001
4485,532440.0
4486,16305486.0
4487,26375118.480000004
4488,15259799.370000001
4489,23560952.130000003
4490,7491948.800000001
4491,23873979.900000002
4492,6206202.4
4493,797906.8500000001
4494,22446433.5
4495,13165554.600000001
4496,9148191.540000001
4497,27338635.110000003
4498,2667769.56
4499,11032757.31
4500,7741588.44
4501,6797695.2
4502,2993616.72
4503,12261612.0
4504,10924673.280000001
4505,12648920.64
4506,6791577.180000001
4507,6999964.5
4508,11477538.750000002
4509,3907755.0
4510,6644149.2
4511,1256409.0
4512,12327456.870000001
4513,26177368.5
4514,15677424.660000002
4515,13820339.160000002
4516,3402561.8100000005
4517,12602740.8
4518,8427438.57
4519,6533031.540000001
4520,15229343.190000001
4521,12917237.610000001
4522,11772957.48
4523,4011340.2
4524,1732422.5100000002
4525,19109103.0
4526,8652718.5
4527,4827893.94
4528,18881854.8
4529,11597244.0
4530,7526406.0600000005
4531,10465156.590000002
4532,10272381.780000001
4533,16483770.840000002
4534,15268379.200000001
4535,783169.3800000001
4536,5044570.380000001
4537,7535401.500000001
4538,4648621.170000001
4539,4291842.75
4540,1506080.0
4541,7361246.4
4542,13856191.5
4543,4298305.5
4544,16064193.06
4545,1107125.1
4546,14522512.950000001
4547,7985921.640000001
4548,23220873.660000004
4549,11793764.430000002
4550,15782207.55
4551,15189992.580000002
4552,7612467.69
4553,830518.65
4554,32681292.0
4555,11579829.690000001
4556,16413664.350000001
4557,3387555.72
4558,9811042.47
4559,28184456.220000003
4560,638325.4800000001
4561,30214953.0
4562,21839477.55
4563,1086765.48
4564,20287471.110000003
4565,12129515.010000002
4566,20506251.0
4567,9462556.860000001
4568,12287604.540000001
4569,14547913.600000001
4570,14460500.580000002
4571,9061768.5
4572,56359.14000000001
4573,14994499.38
4574,489110.4
4575,4503833.880000001
4576,28337126.730000004
4577,22766932.5
4578,9984283.5
4579,26873403.0
4580,11191270.5
4581,14585346.72
4582,24724362.000000004
4583,5677597.83
4584,11020803.200000001
4585,17399816.1
4586,5336473.74
4587,1918606.1400000001
4588,3412620.6300000004
4589,15092203.8
4590,7675243.74
4591,16624478.4
4592,17803105.740000002
4593,3488178.33
4594,1598678.61
4595,8332849.920000001
4596,23959938.0
4597,11369489.13
4598,10163961.420000002
4599,13090078.5
4600,7276226.49
4601,12289741.290000001
4602,9296278.860000001
4603,19979822.400000002
4604,5624086.95
4605,10301456.8
4606,1114932.0
4607,9464180.790000001
4608,23304442.23
4609,5479432.86
4610,2022546.5400000003
4611,932206.8600000001
4612,16536392.610000001
4613,6649460.550000001
4614,16397194.5
4615,573665.76
4616,16675820.820000002
4617,17602755.18
4618,3004414.8000000003
4619,17047445.490000002
4620,1654978.9200000002
4621,18599723.880000003
4622,9028032.8
4623,6022545.87
4624,18204217.560000002
4625,5137555.08
4626,18256559.610000003
4627,15616917.450000001
4628,8167201.290000001
4629,7999384.800000001
4630,33660841.02
4631,16810600.35
4632,20583699.03
4633,13386169.32
4634,8515489.32
4635,8667106.5
4636,9128068.350000001
4637,11609256.0
4638,9147990.63
4639,12581272.8
4640,4237486.4
4641,941018.04
4642,4439133.090000001
4643,9382787.82
4644,35667899.730000004
4645,12500404.5
4646,17447535.0
4647,598849.4400000001
4648,10287437.82
4649,16702421.97
4650,34693687.5
4651,17670040.05
4652,16295330.580000002
4653,16289812.770000001
4654,11933484.57
4655,7435135.200000001
4656,1834583.58
4657,228438.00000000003
4658,811891.7400000001
4659,4680785.600000001
4660,19254616.110000003
4661,2841131.58
4662,1701303.6600000001
4663,11813520.21
4664,11893180.47
4665,12643187.49
4666,28209756.0
4667,16423648.8
4668,20664667.98
4669,10568183.46
4670,1714352.0
4671,12836454.030000001
4672,5634236.79
4673,14423722.950000001
4674,3047488.0
4675,34980288.0
4676,7219165.5
4677,819742.5
4678,14170475.340000002
4679,5476011.2
4680,16319364.3
4681,20805680.16
4682,3461619.3600000003
4683,22352264.250000004
4684,7272234.930000001
4685,9398653.05
4686,28381352.46
4687,3701206.4000000004
4688,4613377.5600000005
4689,14344653.0
4690,8267567.2
4691,615347.3700000001
4692,7902672.750000001
4693,577870.4400000001
4694,16045702.5
4695,26015437.410000004
4696,2998704.9600000004
4697,7099326.0
4698,18751796.1
4699,12430408.260000002
4700,5625020.800000001
4701,5606977.41
4702,631725.42
4703,21995498.040000003
4704,14896967.010000002
4705,21897743.67
4706,8486067.66
4707,6169508.760000001
4708,11498941.770000001
4709,25092567.0
4710,5366745.0
4711,11955450.0
4712,12560817.0
4713,24649331.55
4714,14851062.96
4715,10346722.920000002
4716,7977235.890000001
4717,19143879.180000003
4718,20540282.490000002
4719,5943279.66
4720,2062472.1300000001
4721,9920388.0
4722,11549217.600000001
4723,2524804.89
4724,17737115.130000003
4725,17290915.110000003
4726,11396014.8
4727,15067023.450000001
4728,1438989.6
4729,10348952.91
4730,2369132.9400000004
4731,22422254.19
4732,10636915.770000001
4733,2672341.6500000004
4734,11759367.750000002
4735,8389520.97
4736,13867726.170000002
4737,14643097.8
4738,590466.7200000001
4739,1083515.4000000001
4740,3190938.0900000003
4741,16635245.88
4742,4485362.37
4743,8057625.420000001
4744,4606611.0
4745,14173038.330000002
4746,16500255.450000001
4747,3724829.22
4748,5417525.94
4749,447468.75000000006
4750,19434215.220000003
4751,17438984.67
4752,10943239.14
4753,8709419.64
4754,8799551.64
4755,9150402.66
4756,9936969.75
4757,18760681.650000002
4758,26913098.85
4759,4154584.0
4760,14188421.600000001
4761,13436715.0
4762,11656182.0
4763,5210379.960000001
4764,9352988.760000002
4765,25610637.0
4766,16464512.340000002
4767,5125922.28
4768,18269901.810000002
4769,11616461.600000001
4770,16798752.21
4771,13585924.920000002
4772,31722535.5
4773,1324993.6800000002
4774,19854688.770000003
4775,5900476.95
4776,15527552.46
4777,14322685.200000001
4778,4092454.4000000004
4779,14766165.72
4780,1993742.0400000003
4781,21373671.6
4782,17391670.92
4783,9344322.99
4784,8686684.620000001
4785,1452105.0
4786,13195975.200000001
4787,885700.0800000001
4788,6507544.830000001
4789,12687192.8
4790,1066576.8
4791,3225000.0
4792,1697591.82
4793,933965.1000000001
4794,18109794.3
4795,2089686.0000000002
4796,8025407.2
4797,1618979.4000000001
4798,2138251.83
4799,220099.68000000002
4800,8353552.530000001
4801,12054970.74
4802,5266392.78
4803,6911554.86
4804,11306110.5
4805,12935259.57
4806,17574936.360000003
4807,2838836.0
4808,19982721.720000003
4809,16289877.150000002
4810,6536522.4
4811,3920683.5
4812,19646416.14
4813,369041.7
4814,8483762.4
4815,10970320.920000002
4816,28786198.320000004
4817,1234292.8
4818,10835303.850000001
4819,11455954.8
4820,20403483.87
4821,27216994.650000002
4822,13641176.280000001
4823,10838522.850000001
4824,1144029.27
4825,3817220.8000000003
4826,2694456.18
4827,3937837.1100000003
4828,6619739.19
4829,18233144.16
4830,23829826.32
4831,7626257.220000001
4832,3765501.8400000003
4833,11457781.860000001
4834,17857242.66
4835,18267299.970000003
4836,16709352.810000002
4837,389251.47000000003
4838,3519496.9800000004
4839,8628142.110000001
4840,21434470.740000002
4841,6641501.850000001
4842,1339075.1400000001
4843,17363974.5
4844,9292187.4
4845,3195732.0
4846,494949.00000000006
4847,12528836.4
4848,22920003.720000003
4849,21390997.590000004
4850,9862110.24
4851,1858842.0
4852,13309103.13
4853,563591.4
4854,18776172.810000002
4855,167319.18000000002
4856,7819487.130000001
4857,12505483.200000001
4858,22341602.700000003
4859,19984231.32
4860,3460482.0
4861,15918818.580000002
4862,5075169.75
4863,4024994.3100000005
4864,9985293.600000001
4865,14081179.170000002
4866,12302085.600000001
4867,29663805.0
4868,7493013.930000001
4869,21354128.94
4870,10053696.24
4871,5923815.8100000005
4872,17324437.110000003
4873,23123987.310000002
4874,18866194.92
4875,15165224.040000001
4876,3598929.6
4877,15938060.430000002
4878,17567257.380000003
4879,14944867.5
4880,15408564.900000002
4881,10068342.690000001
4882,23090606.28
4883,3399665.8200000003
4884,18083111.01
4885,10926632.430000002
4886,35014210.5
4887,5299557.600000001
4888,15057935.88
4889,17869683.540000003
4890,14214238.200000001
4891,3879796.3200000003
4892,320861.04000000004
4893,1295336.0
4894,6553685.3100000005
4895,612074.4
4896,588478.7100000001
4897,8356366.380000001
4898,19798573.5
4899,9523261.65
4900,7311637.710000001
4901,13280214.0
4902,14195859.0
4903,13289118.690000001
4904,13406173.740000002
4905,8418565.23
4906,22139306.310000002
4907,7334745.69
4908,5018656.5
4909,13278339.48
4910,13920566.610000001
4911,8214586.080000001
4912,7178311.170000001
4913,1586879.31
4914,8956804.0
4915,8058414.630000001
4916,29937898.800000004
4917,859646.16
4918,11388972.96
4919,10171818.0
4920,10032090.090000002
4921,2753431.2
4922,5894976.9
4923,13189192.05
4924,13493878.170000002
4925,1868187.7200000002
4926,11301597.090000002
4927,24166390.400000002
4928,6768309.36
4929,8665691.190000001
4930,7114035.510000001
4931,978952.0
4932,3414565.35
4933,7961955.630000001
4934,4463273.37
4935,618034.68
4936,8911694.940000001
4937,13958987.040000001
4938,12122944.920000002
4939,20379472.35
4940,5808077.600000001
4941,10950353.13
4942,6153491.460000001
4943,6942895.5
4944,6344652.330000001
4945,21510168.3
4946,14939283.540000001
4947,10473789.06
4948,21151264.23
4949,7468543.2
4950,19229542.32
4951,15046148.790000001
4952,14476480.14
4953,18591603.12
4954,9272971.5
4955,7256250.0
4956,2768393.2800000003
4957,8921529.540000001
4958,8202882.240000001
4959,739160.1000000001
4960,3596293.4400000004
4961,15388498.320000002
4962,4855236.0
4963,25889076.12
4964,30720482.1
4965,9312692.430000002
4966,7865519.94
4967,12453198.780000001
4968,17476085.310000002
4969,14687788.620000001
4970,12701271.57
4971,6953736.800000001
4972,13891515.690000001
4973,12232977.000000002
4974,12590015.160000002
4975,791336.7600000001
4976,20534753.580000002
4977,1800171.36
4978,12487689.81
4979,18563659.98
4980,692373.6000000001
4981,10533704.64
4982,12601867.74
4983,6076026.78
4984,19181392.740000002
4985,3396005.0400000005
4986,9776321.6
4987,15119080.23
4988,13103098.23
4989,10465915.83
4990,16320712.5
4991,10907412.780000001
4992,110049.84000000001
4993,4083319.2600000002
4994,7748084.0
4995,10919634.99
4996,3828799.5900000003
4997,22007590.380000003
4998,1930547.5200000003
4999,16237084.440000001
5000,5630514.0
